,,Mg/Ca,Mg/Ca,Mg/Ca,d18O,d18O,d18O,depthrange,depthrange,ddate,sal,sal,sal,d18Ow,d18Ow,d18Ow,Ctemp_min,Ctemp_min,Ctemp_min,Ctemp_max,Ctemp_max,Ctemp_max,Ctemp_mid,Ctemp_mid,Ctemp_mid
size_fraction,,250-350,350-500,500-1000,250-350,350-500,500-1000,min,max,,min,max,mid,min,max,mid,250-350,350-500,500-1000,250-350,350-500,500-1000,250-350,350-500,500-1000
,Date,,,,,,,,,,,,,,,,,,,,,,,,
G. aequilateralis,1978-05-01,,3.38,,,0.2,,50.0,75.0,3042,36.53+/-0.09,36.52+/-0.09,36.53+/-0.09,1.12+/-0.05,1.12+/-0.05,1.12+/-0.05,nan+/-nan,19.78+/-0.23,nan+/-nan,nan+/-nan,19.78+/-0.23,nan+/-nan,nan+/-nan,19.78+/-0.23,nan+/-nan
G. aequilateralis,1978-07-01,,3.62,3.49,,0.16,0.0,50.0,75.0,3103,36.53+/-0.09,36.52+/-0.09,36.53+/-0.09,1.12+/-0.05,1.12+/-0.05,1.12+/-0.05,nan+/-nan,19.96+/-0.23,20.69+/-0.23,nan+/-nan,19.96+/-0.23,20.68+/-0.23,nan+/-nan,19.96+/-0.23,20.68+/-0.23
G. aequilateralis,1978-09-01,,4.58,4.8,,-0.66,-0.51,50.0,75.0,3165,36.52+/-0.09,36.52+/-0.09,36.52+/-0.09,1.11+/-0.05,1.12+/-0.05,1.12+/-0.05,nan+/-nan,23.70+/-0.24,23.01+/-0.23,nan+/-nan,23.73+/-0.24,23.03+/-0.23,nan+/-nan,23.73+/-0.24,23.03+/-0.23
G. aequilateralis,1979-01-01,,3.73,,,-0.56,,50.0,75.0,3287,36.53+/-0.09,36.52+/-0.09,36.52+/-0.09,1.12+/-0.05,1.12+/-0.05,1.12+/-0.05,nan+/-nan,23.26+/-0.23,nan+/-nan,nan+/-nan,23.26+/-0.23,nan+/-nan,nan+/-nan,23.26+/-0.23,nan+/-nan
G. aequilateralis,1979-04-01,,3.37,,,0.12,,50.0,75.0,3377,36.53+/-0.09,36.52+/-0.09,36.52+/-0.09,1.12+/-0.05,1.12+/-0.05,1.12+/-0.05,nan+/-nan,20.14+/-0.23,nan+/-nan,nan+/-nan,20.13+/-0.23,nan+/-nan,nan+/-nan,20.13+/-0.23,nan+/-nan
G. aequilateralis,1979-06-01,,3.67,4.44,,-0.08,-0.03,50.0,75.0,3438,36.52+/-0.09,36.52+/-0.09,36.52+/-0.09,1.12+/-0.05,1.12+/-0.05,1.12+/-0.05,nan+/-nan,21.05+/-0.23,20.82+/-0.23,nan+/-nan,21.04+/-0.23,20.81+/-0.23,nan+/-nan,21.04+/-0.23,20.81+/-0.23
G. aequilateralis,1979-09-01,,3.67,,,,,50.0,75.0,3530,36.51+/-0.09,36.52+/-0.09,36.52+/-0.09,1.11+/-0.05,1.11+/-0.05,1.11+/-0.05,nan+/-nan,nan+/-nan,nan+/-nan,nan+/-nan,nan+/-nan,nan+/-nan,nan+/-nan,nan+/-nan,nan+/-nan
G. aequilateralis,1979-11-01,,4.5,4.59,,-0.51,-1.28,50.0,75.0,3591,36.52+/-0.09,36.52+/-0.09,36.52+/-0.09,1.12+/-0.05,1.11+/-0.05,1.11+/-0.05,nan+/-nan,23.02+/-0.23,26.66+/-0.24,nan+/-nan,23.01+/-0.23,26.65+/-0.24,nan+/-nan,23.01+/-0.23,26.65+/-0.24
G. aequilateralis,1980-01-01,,3.99,,,-0.44,,50.0,75.0,3652,36.52+/-0.09,36.52+/-0.09,36.52+/-0.09,1.11+/-0.05,1.11+/-0.05,1.11+/-0.05,nan+/-nan,22.69+/-0.23,nan+/-nan,nan+/-nan,22.68+/-0.23,nan+/-nan,nan+/-nan,22.69+/-0.23,nan+/-nan
G. aequilateralis,1980-03-01,,3.12,,,0.07,,50.0,75.0,3712,36.52+/-0.09,36.52+/-0.09,36.52+/-0.09,1.11+/-0.05,1.11+/-0.05,1.11+/-0.05,nan+/-nan,20.35+/-0.23,nan+/-nan,nan+/-nan,20.34+/-0.23,nan+/-nan,nan+/-nan,20.34+/-0.23,nan+/-nan
G. aequilateralis,1980-05-01,,3.3,,,0.23,,50.0,75.0,3773,36.52+/-0.09,36.51+/-0.09,36.52+/-0.09,1.11+/-0.05,1.11+/-0.05,1.11+/-0.05,nan+/-nan,19.62+/-0.23,nan+/-nan,nan+/-nan,19.62+/-0.23,nan+/-nan,nan+/-nan,19.62+/-0.23,nan+/-nan
G. aequilateralis,1980-07-01,,3.47,,,-0.07,,50.0,75.0,3834,36.52+/-0.09,36.51+/-0.09,36.51+/-0.09,1.11+/-0.05,1.11+/-0.05,1.11+/-0.05,nan+/-nan,20.98+/-0.23,nan+/-nan,nan+/-nan,20.97+/-0.23,nan+/-nan,nan+/-nan,20.97+/-0.23,nan+/-nan
G. aequilateralis,1980-09-01,,4.21,,,-0.39,,50.0,75.0,3896,36.50+/-0.09,36.51+/-0.09,36.51+/-0.09,1.10+/-0.05,1.11+/-0.05,1.11+/-0.05,nan+/-nan,22.41+/-0.23,nan+/-nan,nan+/-nan,22.44+/-0.23,nan+/-nan,nan+/-nan,22.44+/-0.23,nan+/-nan
G. aequilateralis,1980-11-01,,3.9,,,-0.63,,50.0,75.0,3957,36.51+/-0.09,36.51+/-0.09,36.51+/-0.09,1.11+/-0.05,1.11+/-0.05,1.11+/-0.05,nan+/-nan,23.56+/-0.24,nan+/-nan,nan+/-nan,23.55+/-0.24,nan+/-nan,nan+/-nan,23.55+/-0.24,nan+/-nan
G. aequilateralis,1981-01-01,,3.81,,,-0.36,,50.0,75.0,4018,36.51+/-0.09,36.51+/-0.09,36.51+/-0.09,1.11+/-0.05,1.11+/-0.05,1.11+/-0.05,nan+/-nan,22.30+/-0.23,nan+/-nan,nan+/-nan,22.29+/-0.23,nan+/-nan,nan+/-nan,22.29+/-0.23,nan+/-nan
G. aequilateralis,1981-03-01,,3.39,,,0.18,,50.0,75.0,4077,36.51+/-0.09,36.51+/-0.09,36.51+/-0.09,1.11+/-0.05,1.11+/-0.05,1.11+/-0.05,nan+/-nan,19.83+/-0.23,nan+/-nan,nan+/-nan,19.82+/-0.23,nan+/-nan,nan+/-nan,19.82+/-0.23,nan+/-nan
G. aequilateralis,1981-04-01,,2.77,,,0.26,,50.0,75.0,4108,36.51+/-0.09,36.51+/-0.09,36.51+/-0.09,1.11+/-0.05,1.11+/-0.05,1.11+/-0.05,nan+/-nan,19.46+/-0.23,nan+/-nan,nan+/-nan,19.46+/-0.23,nan+/-nan,nan+/-nan,19.46+/-0.23,nan+/-nan
G. aequilateralis,1981-06-01,,3.67,,,0.12,,50.0,75.0,4169,36.51+/-0.09,36.50+/-0.09,36.51+/-0.09,1.11+/-0.05,1.11+/-0.05,1.11+/-0.05,nan+/-nan,20.09+/-0.23,nan+/-nan,nan+/-nan,20.08+/-0.23,nan+/-nan,nan+/-nan,20.09+/-0.23,nan+/-nan
G. aequilateralis,1981-08-01,,4.0,,,-0.05,,50.0,75.0,4230,36.50+/-0.09,36.50+/-0.09,36.50+/-0.09,1.10+/-0.05,1.10+/-0.05,1.10+/-0.05,nan+/-nan,20.84+/-0.23,nan+/-nan,nan+/-nan,20.85+/-0.23,nan+/-nan,nan+/-nan,20.85+/-0.23,nan+/-nan
G. aequilateralis,1981-11-01,,4.62,4.09,,-0.57,-0.56,50.0,75.0,4322,36.50+/-0.09,36.50+/-0.09,36.50+/-0.09,1.10+/-0.05,1.10+/-0.05,1.10+/-0.05,nan+/-nan,23.25+/-0.23,23.20+/-0.23,nan+/-nan,23.24+/-0.23,23.20+/-0.23,nan+/-nan,23.24+/-0.23,23.20+/-0.23
G. aequilateralis,1982-01-01,,3.77,4.01,,,-0.26,50.0,75.0,4383,36.50+/-0.09,36.50+/-0.09,36.50+/-0.09,1.10+/-0.05,1.10+/-0.05,1.10+/-0.05,nan+/-nan,nan+/-nan,21.81+/-0.23,nan+/-nan,nan+/-nan,21.80+/-0.23,nan+/-nan,nan+/-nan,21.81+/-0.23
G. aequilateralis,1982-03-01,,2.97,3.18,,-0.2,0.23,50.0,75.0,4442,36.50+/-0.09,36.50+/-0.09,36.50+/-0.09,1.10+/-0.05,1.10+/-0.05,1.10+/-0.05,nan+/-nan,21.53+/-0.23,19.58+/-0.23,nan+/-nan,21.52+/-0.23,19.57+/-0.23,nan+/-nan,21.53+/-0.23,19.57+/-0.23
G. aequilateralis,1982-05-01,,3.25,5.01,,-0.21,0.03,50.0,75.0,4503,36.50+/-0.09,36.50+/-0.09,36.50+/-0.09,1.10+/-0.05,1.10+/-0.05,1.10+/-0.05,nan+/-nan,21.57+/-0.23,20.48+/-0.23,nan+/-nan,21.57+/-0.23,20.47+/-0.23,nan+/-nan,21.57+/-0.23,20.47+/-0.23
G. aequilateralis,1982-07-01,,3.34,3.47,,-0.24,0.02,50.0,75.0,4564,36.50+/-0.09,36.49+/-0.09,36.50+/-0.09,1.10+/-0.05,1.10+/-0.05,1.10+/-0.05,nan+/-nan,21.71+/-0.23,20.52+/-0.23,nan+/-nan,21.70+/-0.23,20.51+/-0.23,nan+/-nan,21.70+/-0.23,20.51+/-0.23
G. aequilateralis,1982-11-01,,3.94,,,-0.5,,50.0,75.0,4687,36.49+/-0.09,36.49+/-0.09,36.49+/-0.09,1.10+/-0.05,1.10+/-0.05,1.10+/-0.05,nan+/-nan,22.90+/-0.23,nan+/-nan,nan+/-nan,22.90+/-0.23,nan+/-nan,nan+/-nan,22.90+/-0.23,nan+/-nan
G. aequilateralis,1983-02-01,,3.35,3.42,,-0.02,0.02,50.0,75.0,4779,36.49+/-0.09,36.49+/-0.09,36.49+/-0.09,1.10+/-0.05,1.10+/-0.05,1.10+/-0.05,nan+/-nan,20.69+/-0.23,20.51+/-0.23,nan+/-nan,20.68+/-0.23,20.50+/-0.23,nan+/-nan,20.69+/-0.23,20.50+/-0.23
G. aequilateralis,1983-04-01,,3.78,3.32,,0.02,0.01,50.0,75.0,4838,36.49+/-0.09,36.49+/-0.09,36.49+/-0.09,1.10+/-0.05,1.10+/-0.05,1.10+/-0.05,nan+/-nan,20.51+/-0.23,20.55+/-0.23,nan+/-nan,20.50+/-0.23,20.55+/-0.23,nan+/-nan,20.50+/-0.23,20.55+/-0.23
G. aequilateralis,1983-06-01,,3.5,,,-0.03,,50.0,75.0,4899,36.49+/-0.09,36.49+/-0.09,36.49+/-0.09,1.10+/-0.05,1.10+/-0.05,1.10+/-0.05,nan+/-nan,20.73+/-0.23,nan+/-nan,nan+/-nan,20.73+/-0.23,nan+/-nan,nan+/-nan,20.73+/-0.23,nan+/-nan
G. aequilateralis,1983-08-01,,3.78,4.58,,-0.19,-0.25,50.0,75.0,4960,36.48+/-0.09,36.49+/-0.09,36.49+/-0.09,1.09+/-0.05,1.10+/-0.05,1.10+/-0.05,nan+/-nan,21.45+/-0.23,21.72+/-0.23,nan+/-nan,21.46+/-0.23,21.73+/-0.23,nan+/-nan,21.46+/-0.23,21.73+/-0.23
G. aequilateralis,1983-10-01,,3.95,4.81,,-0.02,0.1,50.0,75.0,5021,36.49+/-0.09,36.49+/-0.09,36.49+/-0.09,1.10+/-0.05,1.10+/-0.05,1.10+/-0.05,nan+/-nan,20.68+/-0.23,20.13+/-0.23,nan+/-nan,20.68+/-0.23,20.13+/-0.23,nan+/-nan,20.68+/-0.23,20.13+/-0.23
G. aequilateralis,1983-12-01,,3.84,4.0,,-0.38,-0.29,50.0,75.0,5082,36.49+/-0.09,36.49+/-0.09,36.49+/-0.09,1.10+/-0.05,1.10+/-0.05,1.10+/-0.05,nan+/-nan,22.34+/-0.23,21.92+/-0.23,nan+/-nan,22.33+/-0.23,21.91+/-0.23,nan+/-nan,22.33+/-0.23,21.92+/-0.23
G. aequilateralis,1984-02-01,,3.69,,,-0.02,,50.0,75.0,5144,36.49+/-0.09,36.49+/-0.09,36.49+/-0.09,1.10+/-0.05,1.10+/-0.05,1.10+/-0.05,nan+/-nan,20.69+/-0.23,nan+/-nan,nan+/-nan,20.68+/-0.23,nan+/-nan,nan+/-nan,20.68+/-0.23,nan+/-nan
G. aequilateralis,1984-04-01,,3.2,4.36,,0.05,0.29,50.0,75.0,5204,36.49+/-0.09,36.49+/-0.09,36.49+/-0.09,1.10+/-0.05,1.10+/-0.05,1.10+/-0.05,nan+/-nan,20.37+/-0.23,19.29+/-0.23,nan+/-nan,20.36+/-0.23,19.28+/-0.23,nan+/-nan,20.36+/-0.23,19.28+/-0.23
G. conglobatus,1978-11-01,,2.64,,,-0.72,,50.0,100.0,3226,36.53+/-0.09,36.53+/-0.09,36.52+/-0.09,1.12+/-0.05,1.12+/-0.05,1.12+/-0.05,nan+/-nan,24.01+/-0.24,nan+/-nan,nan+/-nan,24.01+/-0.24,nan+/-nan,nan+/-nan,24.01+/-0.24,nan+/-nan
G. conglobatus,1979-06-01,,2.39,,,-0.49,,50.0,100.0,3438,36.52+/-0.09,36.52+/-0.09,36.52+/-0.09,1.12+/-0.05,1.12+/-0.05,1.12+/-0.05,nan+/-nan,22.93+/-0.23,nan+/-nan,nan+/-nan,22.93+/-0.23,nan+/-nan,nan+/-nan,22.93+/-0.23,nan+/-nan
G. conglobatus,1979-11-01,,5.29,,,-0.24,,50.0,100.0,3591,36.52+/-0.09,36.52+/-0.09,36.52+/-0.09,1.12+/-0.05,1.11+/-0.05,1.11+/-0.05,nan+/-nan,21.77+/-0.23,nan+/-nan,nan+/-nan,21.77+/-0.23,nan+/-nan,nan+/-nan,21.76+/-0.23,nan+/-nan
G. conglobatus,1981-11-01,,2.55,,,-0.03,,50.0,100.0,4322,36.50+/-0.09,36.50+/-0.09,36.50+/-0.09,1.10+/-0.05,1.10+/-0.05,1.10+/-0.05,nan+/-nan,20.76+/-0.23,nan+/-nan,nan+/-nan,20.76+/-0.23,nan+/-nan,nan+/-nan,20.76+/-0.23,nan+/-nan
G. conglobatus,1982-11-01,,3.07,,,-0.32,,50.0,100.0,4687,36.49+/-0.09,36.49+/-0.09,36.49+/-0.09,1.10+/-0.05,1.10+/-0.05,1.10+/-0.05,nan+/-nan,22.07+/-0.23,nan+/-nan,nan+/-nan,22.07+/-0.23,nan+/-nan,nan+/-nan,22.06+/-0.23,nan+/-nan
G. conglobatus,1983-10-01,,3.02,,,-0.03,,50.0,100.0,5021,36.49+/-0.09,36.49+/-0.09,36.49+/-0.09,1.10+/-0.05,1.10+/-0.05,1.10+/-0.05,nan+/-nan,20.72+/-0.23,nan+/-nan,nan+/-nan,20.73+/-0.23,nan+/-nan,nan+/-nan,20.72+/-0.23,nan+/-nan
G. conglobatus,1983-12-01,,2.95,,,-0.13,,50.0,100.0,5082,36.49+/-0.09,36.49+/-0.09,36.49+/-0.09,1.10+/-0.05,1.10+/-0.05,1.10+/-0.05,nan+/-nan,21.19+/-0.23,nan+/-nan,nan+/-nan,21.19+/-0.23,nan+/-nan,nan+/-nan,21.18+/-0.23,nan+/-nan
G. crassiformis,1978-07-01,,1.63,,,0.07,,500.0,800.0,3103,36.25+/-0.09,35.44+/-0.09,35.85+/-0.09,0.96+/-0.05,0.51+/-0.05,0.74+/-0.05,nan+/-nan,19.66+/-0.23,nan+/-nan,nan+/-nan,17.64+/-0.22,nan+/-nan,nan+/-nan,18.67+/-0.22,nan+/-nan
G. crassiformis,1980-07-01,,1.55,,,0.79,,500.0,800.0,3834,36.24+/-0.09,35.42+/-0.09,35.84+/-0.09,0.96+/-0.05,0.50+/-0.05,0.73+/-0.05,nan+/-nan,16.44+/-0.22,nan+/-nan,nan+/-nan,14.49+/-0.21,nan+/-nan,nan+/-nan,15.48+/-0.22,nan+/-nan
G. crassiformis,1980-09-01,,1.91,,,0.78,,500.0,800.0,3896,36.23+/-0.09,35.42+/-0.09,35.84+/-0.09,0.95+/-0.05,0.50+/-0.05,0.73+/-0.05,nan+/-nan,16.48+/-0.22,nan+/-nan,nan+/-nan,14.53+/-0.22,nan+/-nan,nan+/-nan,15.52+/-0.22,nan+/-nan
G. crassiformis,1981-08-01,,1.65,,,1.01,,500.0,800.0,4230,36.23+/-0.09,35.41+/-0.09,35.83+/-0.09,0.95+/-0.05,0.50+/-0.05,0.73+/-0.05,nan+/-nan,15.46+/-0.22,nan+/-nan,nan+/-nan,13.53+/-0.21,nan+/-nan,nan+/-nan,14.51+/-0.21,nan+/-nan
G. crassiformis,1982-07-01,,1.55,,,0.99,,500.0,800.0,4564,36.22+/-0.09,35.40+/-0.09,35.82+/-0.09,0.95+/-0.05,0.49+/-0.05,0.72+/-0.05,nan+/-nan,15.53+/-0.22,nan+/-nan,nan+/-nan,13.60+/-0.21,nan+/-nan,nan+/-nan,14.58+/-0.22,nan+/-nan
G. hirsuta,1978-05-01,,1.55,,,1.11,,500.0,800.0,3042,36.25+/-0.09,35.44+/-0.09,35.85+/-0.09,0.96+/-0.05,0.51+/-0.05,0.74+/-0.05,nan+/-nan,15.09+/-0.22,nan+/-nan,nan+/-nan,13.16+/-0.21,nan+/-nan,nan+/-nan,14.14+/-0.21,nan+/-nan
G. hirsuta,1979-04-01,,1.62,,,1.14,,500.0,800.0,3377,36.25+/-0.09,35.43+/-0.09,35.85+/-0.09,0.96+/-0.05,0.51+/-0.05,0.74+/-0.05,nan+/-nan,14.95+/-0.22,nan+/-nan,nan+/-nan,13.03+/-0.21,nan+/-nan,nan+/-nan,14.00+/-0.21,nan+/-nan
G. hirsuta,1979-06-01,,1.51,,,0.88,,500.0,800.0,3438,36.24+/-0.09,35.43+/-0.09,35.85+/-0.09,0.96+/-0.05,0.51+/-0.05,0.74+/-0.05,nan+/-nan,16.07+/-0.22,nan+/-nan,nan+/-nan,14.13+/-0.21,nan+/-nan,nan+/-nan,15.11+/-0.22,nan+/-nan
G. hirsuta,1980-03-01,,1.57,,,1.07,,500.0,800.0,3712,36.24+/-0.09,35.43+/-0.09,35.84+/-0.09,0.96+/-0.05,0.50+/-0.05,0.74+/-0.05,nan+/-nan,15.24+/-0.22,nan+/-nan,nan+/-nan,13.31+/-0.21,nan+/-nan,nan+/-nan,14.29+/-0.21,nan+/-nan
G. hirsuta,1980-05-01,,1.82,,,1.22,,500.0,800.0,3773,36.24+/-0.09,35.43+/-0.09,35.84+/-0.09,0.96+/-0.05,0.50+/-0.05,0.73+/-0.05,nan+/-nan,14.59+/-0.22,nan+/-nan,nan+/-nan,12.68+/-0.21,nan+/-nan,nan+/-nan,13.65+/-0.21,nan+/-nan
G. hirsuta,1980-07-01,,2.12,,,0.99,,500.0,800.0,3834,36.24+/-0.09,35.42+/-0.09,35.84+/-0.09,0.96+/-0.05,0.50+/-0.05,0.73+/-0.05,nan+/-nan,15.58+/-0.22,nan+/-nan,nan+/-nan,13.64+/-0.21,nan+/-nan,nan+/-nan,14.62+/-0.22,nan+/-nan
G. hirsuta,1980-09-01,,1.64,,,,,500.0,800.0,3896,36.23+/-0.09,35.42+/-0.09,35.84+/-0.09,0.95+/-0.05,0.50+/-0.05,0.73+/-0.05,nan+/-nan,nan+/-nan,nan+/-nan,nan+/-nan,nan+/-nan,nan+/-nan,nan+/-nan,nan+/-nan,nan+/-nan
G. hirsuta,1981-03-01,,1.55,,,0.97,,500.0,800.0,4077,36.23+/-0.09,35.42+/-0.09,35.83+/-0.09,0.95+/-0.05,0.50+/-0.05,0.73+/-0.05,nan+/-nan,15.65+/-0.22,nan+/-nan,nan+/-nan,13.71+/-0.21,nan+/-nan,nan+/-nan,14.69+/-0.22,nan+/-nan
G. hirsuta,1981-04-01,,1.41,,,1.23,,500.0,800.0,4108,36.23+/-0.09,35.42+/-0.09,35.83+/-0.09,0.95+/-0.05,0.50+/-0.05,0.73+/-0.05,nan+/-nan,14.53+/-0.22,nan+/-nan,nan+/-nan,12.61+/-0.21,nan+/-nan,nan+/-nan,13.58+/-0.21,nan+/-nan
G. hirsuta,1981-06-01,,1.54,,,0.8,,500.0,800.0,4169,36.23+/-0.09,35.41+/-0.09,35.83+/-0.09,0.95+/-0.05,0.50+/-0.05,0.73+/-0.05,nan+/-nan,16.38+/-0.22,nan+/-nan,nan+/-nan,14.43+/-0.21,nan+/-nan,nan+/-nan,15.42+/-0.22,nan+/-nan
G. hirsuta,1982-03-01,,1.67,,,1.31,,500.0,800.0,4442,36.22+/-0.09,35.41+/-0.09,35.82+/-0.09,0.95+/-0.05,0.49+/-0.05,0.72+/-0.05,nan+/-nan,14.17+/-0.21,nan+/-nan,nan+/-nan,12.26+/-0.21,nan+/-nan,nan+/-nan,13.23+/-0.21,nan+/-nan
G. hirsuta,1982-05-01,,1.66,,,1.31,,500.0,800.0,4503,36.22+/-0.09,35.41+/-0.09,35.82+/-0.09,0.95+/-0.05,0.49+/-0.05,0.72+/-0.05,nan+/-nan,14.16+/-0.21,nan+/-nan,nan+/-nan,12.26+/-0.21,nan+/-nan,nan+/-nan,13.22+/-0.21,nan+/-nan
G. hirsuta,1982-07-01,,1.35,,,1.26,,500.0,800.0,4564,36.22+/-0.09,35.40+/-0.09,35.82+/-0.09,0.95+/-0.05,0.49+/-0.05,0.72+/-0.05,nan+/-nan,14.37+/-0.21,nan+/-nan,nan+/-nan,12.46+/-0.21,nan+/-nan,nan+/-nan,13.43+/-0.21,nan+/-nan
G. hirsuta,1983-02-01,,1.62,,,1.05,,500.0,800.0,4779,36.21+/-0.09,35.40+/-0.09,35.81+/-0.09,0.94+/-0.05,0.49+/-0.05,0.72+/-0.05,nan+/-nan,15.26+/-0.22,nan+/-nan,nan+/-nan,13.33+/-0.21,nan+/-nan,nan+/-nan,14.31+/-0.21,nan+/-nan
G. hirsuta,1983-04-01,,1.48,,,1.14,,500.0,800.0,4838,36.21+/-0.09,35.40+/-0.09,35.81+/-0.09,0.94+/-0.05,0.49+/-0.05,0.72+/-0.05,nan+/-nan,14.87+/-0.22,nan+/-nan,nan+/-nan,12.95+/-0.21,nan+/-nan,nan+/-nan,13.93+/-0.21,nan+/-nan
G. hirsuta,1983-06-01,,1.82,,,0.92,,500.0,800.0,4899,36.21+/-0.09,35.40+/-0.09,35.81+/-0.09,0.94+/-0.05,0.49+/-0.05,0.72+/-0.05,nan+/-nan,15.82+/-0.22,nan+/-nan,nan+/-nan,13.88+/-0.21,nan+/-nan,nan+/-nan,14.86+/-0.22,nan+/-nan
G. hirsuta,1983-08-01,,1.72,,,0.9,,500.0,800.0,4960,36.21+/-0.09,35.40+/-0.09,35.81+/-0.09,0.94+/-0.05,0.49+/-0.05,0.72+/-0.05,nan+/-nan,15.91+/-0.22,nan+/-nan,nan+/-nan,13.96+/-0.21,nan+/-nan,nan+/-nan,14.95+/-0.22,nan+/-nan
G. hirsuta,1984-02-01,,1.39,,,0.94,,500.0,800.0,5144,36.21+/-0.09,35.40+/-0.09,35.81+/-0.09,0.94+/-0.05,0.49+/-0.05,0.72+/-0.05,nan+/-nan,15.73+/-0.22,nan+/-nan,nan+/-nan,13.79+/-0.21,nan+/-nan,nan+/-nan,14.77+/-0.22,nan+/-nan
G. hirsuta,1984-04-01,,1.59,,,1.06,,500.0,800.0,5204,36.21+/-0.09,35.40+/-0.09,35.81+/-0.09,0.94+/-0.05,0.49+/-0.05,0.72+/-0.05,nan+/-nan,15.21+/-0.22,nan+/-nan,nan+/-nan,13.28+/-0.21,nan+/-nan,nan+/-nan,14.26+/-0.21,nan+/-nan
G. inflata,1978-05-01,,1.55,,,0.45,,100.0,400.0,3042,36.53+/-0.09,36.44+/-0.09,36.55+/-0.09,1.12+/-0.05,1.07+/-0.05,1.13+/-0.05,nan+/-nan,18.66+/-0.22,nan+/-nan,nan+/-nan,18.43+/-0.22,nan+/-nan,nan+/-nan,18.72+/-0.22,nan+/-nan
G. inflata,1979-01-01,,1.95,,,,,100.0,400.0,3287,36.53+/-0.09,36.43+/-0.09,36.55+/-0.09,1.12+/-0.05,1.07+/-0.05,1.13+/-0.05,nan+/-nan,nan+/-nan,nan+/-nan,nan+/-nan,nan+/-nan,nan+/-nan,nan+/-nan,nan+/-nan,nan+/-nan
G. inflata,1979-04-01,,1.79,,,,,100.0,400.0,3377,36.53+/-0.09,36.43+/-0.09,36.55+/-0.09,1.12+/-0.05,1.07+/-0.05,1.13+/-0.05,nan+/-nan,nan+/-nan,nan+/-nan,nan+/-nan,nan+/-nan,nan+/-nan,nan+/-nan,nan+/-nan,nan+/-nan
G. inflata,1979-06-01,,1.77,,,0.41,,100.0,400.0,3438,36.52+/-0.09,36.43+/-0.09,36.55+/-0.09,1.12+/-0.05,1.07+/-0.05,1.13+/-0.05,nan+/-nan,18.83+/-0.22,nan+/-nan,nan+/-nan,18.60+/-0.22,nan+/-nan,nan+/-nan,18.89+/-0.23,nan+/-nan
G. inflata,1980-03-01,,1.6,,,0.58,,100.0,400.0,3712,36.52+/-0.09,36.43+/-0.09,36.54+/-0.09,1.11+/-0.05,1.06+/-0.05,1.13+/-0.05,nan+/-nan,18.06+/-0.22,nan+/-nan,nan+/-nan,17.83+/-0.22,nan+/-nan,nan+/-nan,18.12+/-0.22,nan+/-nan
G. inflata,1980-05-01,,1.76,,,0.59,,100.0,400.0,3773,36.52+/-0.09,36.43+/-0.09,36.54+/-0.09,1.11+/-0.05,1.06+/-0.05,1.13+/-0.05,nan+/-nan,18.01+/-0.22,nan+/-nan,nan+/-nan,17.79+/-0.22,nan+/-nan,nan+/-nan,18.07+/-0.22,nan+/-nan
G. inflata,1981-01-01,,1.74,,,0.3,,100.0,400.0,4018,36.51+/-0.09,36.42+/-0.09,36.53+/-0.09,1.11+/-0.05,1.06+/-0.05,1.12+/-0.05,nan+/-nan,19.29+/-0.23,nan+/-nan,nan+/-nan,19.06+/-0.23,nan+/-nan,nan+/-nan,19.35+/-0.23,nan+/-nan
G. inflata,1981-03-01,,1.74,,,0.37,,100.0,400.0,4077,36.51+/-0.09,36.42+/-0.09,36.53+/-0.09,1.11+/-0.05,1.06+/-0.05,1.12+/-0.05,nan+/-nan,18.97+/-0.23,nan+/-nan,nan+/-nan,18.74+/-0.22,nan+/-nan,nan+/-nan,19.03+/-0.23,nan+/-nan
G. inflata,1981-04-01,,1.67,,,0.57,,100.0,400.0,4108,36.51+/-0.09,36.42+/-0.09,36.53+/-0.09,1.11+/-0.05,1.06+/-0.05,1.12+/-0.05,nan+/-nan,18.08+/-0.22,nan+/-nan,nan+/-nan,17.85+/-0.22,nan+/-nan,nan+/-nan,18.14+/-0.22,nan+/-nan
G. inflata,1982-05-01,,1.55,,,0.62,,100.0,400.0,4503,36.50+/-0.09,36.41+/-0.09,36.52+/-0.09,1.10+/-0.05,1.05+/-0.05,1.12+/-0.05,nan+/-nan,17.83+/-0.22,nan+/-nan,nan+/-nan,17.61+/-0.22,nan+/-nan,nan+/-nan,17.89+/-0.22,nan+/-nan
G. inflata,1983-02-01,,1.51,,,0.47,,100.0,400.0,4779,36.49+/-0.09,36.40+/-0.09,36.52+/-0.09,1.10+/-0.05,1.05+/-0.05,1.11+/-0.05,nan+/-nan,18.49+/-0.22,nan+/-nan,nan+/-nan,18.26+/-0.22,nan+/-nan,nan+/-nan,18.54+/-0.22,nan+/-nan
G. inflata,1983-04-01,,1.61,,,0.64,,100.0,400.0,4838,36.49+/-0.09,36.40+/-0.09,36.52+/-0.09,1.10+/-0.05,1.05+/-0.05,1.11+/-0.05,nan+/-nan,17.73+/-0.22,nan+/-nan,nan+/-nan,17.50+/-0.22,nan+/-nan,nan+/-nan,17.79+/-0.22,nan+/-nan
G. inflata,1984-02-01,,1.54,,,0.51,,100.0,400.0,5144,36.49+/-0.09,36.40+/-0.09,36.51+/-0.09,1.10+/-0.05,1.05+/-0.05,1.11+/-0.05,nan+/-nan,18.30+/-0.22,nan+/-nan,nan+/-nan,18.07+/-0.22,nan+/-nan,nan+/-nan,18.36+/-0.22,nan+/-nan
G. inflata,1984-04-01,,1.62,,,0.57,,100.0,400.0,5204,36.49+/-0.09,36.40+/-0.09,36.51+/-0.09,1.10+/-0.05,1.05+/-0.05,1.11+/-0.05,nan+/-nan,18.04+/-0.22,nan+/-nan,nan+/-nan,17.81+/-0.22,nan+/-nan,nan+/-nan,18.09+/-0.22,nan+/-nan
G. ruber (pink),1978-05-01,2.72,3.41,,-0.15,-0.55,,0.0,25.0,3042,36.57+/-0.09,36.54+/-0.09,36.55+/-0.09,1.14+/-0.05,1.12+/-0.05,1.13+/-0.05,21.47+/-0.23,23.32+/-0.23,nan+/-nan,21.40+/-0.23,23.25+/-0.23,nan+/-nan,21.42+/-0.23,23.27+/-0.23,nan+/-nan
G. ruber (pink),1978-07-01,3.55,3.68,,-1.12,-1.37,,0.0,25.0,3103,36.40+/-0.09,36.48+/-0.09,36.41+/-0.09,1.04+/-0.05,1.09+/-0.05,1.05+/-0.05,25.56+/-0.24,26.75+/-0.24,nan+/-nan,25.78+/-0.24,26.98+/-0.24,nan+/-nan,25.59+/-0.24,26.78+/-0.24,nan+/-nan
G. ruber (pink),1978-09-01,4.63,,,-1.31,,,0.0,25.0,3165,36.31+/-0.09,36.33+/-0.09,36.30+/-0.09,1.00+/-0.05,1.01+/-0.05,0.99+/-0.05,26.23+/-0.24,nan+/-nan,nan+/-nan,26.30+/-0.24,nan+/-nan,nan+/-nan,26.21+/-0.24,nan+/-nan,nan+/-nan
G. ruber (pink),1979-01-01,3.41,4.53,,-0.71,-0.86,,0.0,25.0,3287,36.56+/-0.09,36.54+/-0.09,36.55+/-0.09,1.14+/-0.05,1.12+/-0.05,1.13+/-0.05,24.05+/-0.24,24.76+/-0.24,nan+/-nan,23.99+/-0.24,24.70+/-0.24,nan+/-nan,24.02+/-0.24,24.72+/-0.24,nan+/-nan
G. ruber (pink),1979-04-01,2.87,3.02,,-0.32,-0.38,,0.0,25.0,3377,36.56+/-0.09,36.54+/-0.09,36.54+/-0.09,1.13+/-0.05,1.12+/-0.05,1.13+/-0.05,22.23+/-0.23,22.51+/-0.23,nan+/-nan,22.17+/-0.23,22.45+/-0.23,nan+/-nan,22.20+/-0.23,22.47+/-0.23,nan+/-nan
G. ruber (pink),1979-06-01,4.55,3.89,,-1.15,-1.22,,0.0,25.0,3438,36.52+/-0.09,36.53+/-0.09,36.53+/-0.09,1.12+/-0.05,1.12+/-0.05,1.12+/-0.05,26.04+/-0.24,26.38+/-0.24,nan+/-nan,26.07+/-0.24,26.40+/-0.24,nan+/-nan,26.07+/-0.24,26.40+/-0.24,nan+/-nan
G. ruber (pink),1979-08-01,,3.52,,,-1.54,,0.0,25.0,3499,36.31+/-0.09,36.35+/-0.09,36.31+/-0.09,1.00+/-0.05,1.02+/-0.05,1.00+/-0.05,nan+/-nan,27.36+/-0.24,nan+/-nan,nan+/-nan,27.45+/-0.24,nan+/-nan,nan+/-nan,27.34+/-0.24,nan+/-nan
G. ruber (pink),1979-11-01,4.89,5.11,,-2.26,-1.56,,0.0,25.0,3591,36.47+/-0.09,36.52+/-0.09,36.50+/-0.09,1.09+/-0.05,1.12+/-0.05,1.10+/-0.05,31.33+/-0.25,27.88+/-0.24,nan+/-nan,31.47+/-0.25,28.02+/-0.24,nan+/-nan,31.40+/-0.25,27.95+/-0.24,nan+/-nan
G. ruber (pink),1980-05-01,,3.38,,,-0.36,,0.0,25.0,3773,36.56+/-0.09,36.53+/-0.09,36.54+/-0.09,1.13+/-0.05,1.12+/-0.05,1.12+/-0.05,nan+/-nan,22.41+/-0.23,nan+/-nan,nan+/-nan,22.34+/-0.23,nan+/-nan,nan+/-nan,22.36+/-0.23,nan+/-nan
G. ruber (pink),1980-07-01,3.79,4.42,,-1.5,-1.44,,0.0,25.0,3834,36.39+/-0.09,36.47+/-0.09,36.40+/-0.09,1.04+/-0.05,1.09+/-0.05,1.05+/-0.05,27.37+/-0.24,27.08+/-0.24,nan+/-nan,27.59+/-0.24,27.30+/-0.24,nan+/-nan,27.40+/-0.24,27.11+/-0.24,nan+/-nan
G. ruber (pink),1980-09-01,4.26,4.61,,-1.75,-1.7,,0.0,25.0,3896,36.29+/-0.09,36.32+/-0.09,36.29+/-0.09,0.99+/-0.05,1.00+/-0.05,0.98+/-0.05,28.32+/-0.25,28.07+/-0.24,nan+/-nan,28.38+/-0.25,28.14+/-0.25,nan+/-nan,28.30+/-0.25,28.05+/-0.24,nan+/-nan
G. ruber (pink),1980-11-01,4.18,4.51,,-1.49,-1.65,,0.0,25.0,3957,36.46+/-0.09,36.52+/-0.09,36.49+/-0.09,1.08+/-0.05,1.11+/-0.05,1.10+/-0.05,27.51+/-0.24,28.29+/-0.25,nan+/-nan,27.66+/-0.24,28.43+/-0.25,nan+/-nan,27.58+/-0.24,28.36+/-0.25,nan+/-nan
G. ruber (pink),1981-04-01,2.92,3.2,,-0.25,-0.51,,0.0,25.0,4108,36.54+/-0.09,36.52+/-0.09,36.53+/-0.09,1.13+/-0.05,1.11+/-0.05,1.12+/-0.05,21.86+/-0.23,23.07+/-0.23,nan+/-nan,21.81+/-0.23,23.01+/-0.23,nan+/-nan,21.83+/-0.23,23.03+/-0.23,nan+/-nan
G. ruber (pink),1981-06-01,3.75,3.62,,-0.88,-1.14,,0.0,25.0,4169,36.51+/-0.09,36.52+/-0.09,36.52+/-0.09,1.11+/-0.05,1.11+/-0.05,1.11+/-0.05,24.73+/-0.24,25.97+/-0.24,nan+/-nan,24.74+/-0.24,25.97+/-0.24,nan+/-nan,24.75+/-0.24,25.98+/-0.24,nan+/-nan
G. ruber (pink),1981-08-01,4.31,3.55,,-1.6,-1.54,,0.0,25.0,4230,36.30+/-0.09,36.34+/-0.09,36.30+/-0.09,0.99+/-0.05,1.01+/-0.05,0.99+/-0.05,27.61+/-0.24,27.32+/-0.24,nan+/-nan,27.71+/-0.24,27.42+/-0.24,nan+/-nan,27.60+/-0.24,27.31+/-0.24,nan+/-nan
G. ruber (pink),1981-11-01,4.14,4.78,,-1.51,-1.46,,0.0,25.0,4322,36.44+/-0.09,36.50+/-0.09,36.47+/-0.09,1.07+/-0.05,1.10+/-0.05,1.09+/-0.05,27.56+/-0.24,27.32+/-0.24,nan+/-nan,27.72+/-0.24,27.48+/-0.24,nan+/-nan,27.63+/-0.24,27.39+/-0.24,nan+/-nan
G. ruber (pink),1982-03-01,3.34,3.02,,-0.21,-0.14,,0.0,25.0,4442,36.53+/-0.09,36.51+/-0.09,36.52+/-0.09,1.12+/-0.05,1.11+/-0.05,1.11+/-0.05,21.66+/-0.23,21.33+/-0.23,nan+/-nan,21.60+/-0.23,21.28+/-0.23,nan+/-nan,21.62+/-0.23,21.30+/-0.23,nan+/-nan
G. ruber (pink),1982-05-01,2.62,3.17,,-0.45,-0.48,,0.0,25.0,4503,36.54+/-0.09,36.51+/-0.09,36.52+/-0.09,1.12+/-0.05,1.11+/-0.05,1.11+/-0.05,22.78+/-0.23,22.92+/-0.23,nan+/-nan,22.71+/-0.23,22.85+/-0.23,nan+/-nan,22.73+/-0.23,22.87+/-0.23,nan+/-nan
G. ruber (pink),1982-07-01,4.28,4.28,,-1.3,-1.45,,0.0,25.0,4564,36.38+/-0.09,36.47+/-0.09,36.40+/-0.09,1.04+/-0.05,1.08+/-0.05,1.05+/-0.05,26.38+/-0.24,27.11+/-0.24,nan+/-nan,26.61+/-0.24,27.33+/-0.24,nan+/-nan,26.43+/-0.24,27.15+/-0.24,nan+/-nan
G. ruber (pink),1982-11-01,3.95,4.2,,-1.18,-1.33,,0.0,25.0,4687,36.43+/-0.09,36.49+/-0.09,36.46+/-0.09,1.06+/-0.05,1.10+/-0.05,1.08+/-0.05,25.93+/-0.24,26.65+/-0.24,nan+/-nan,26.10+/-0.24,26.82+/-0.24,nan+/-nan,26.01+/-0.24,26.72+/-0.24,nan+/-nan
G. ruber (pink),1983-04-01,4.18,3.52,,-0.48,-0.49,,0.0,25.0,4838,36.52+/-0.09,36.50+/-0.09,36.51+/-0.09,1.12+/-0.05,1.10+/-0.05,1.11+/-0.05,22.88+/-0.23,22.93+/-0.23,nan+/-nan,22.83+/-0.23,22.88+/-0.23,nan+/-nan,22.85+/-0.23,22.90+/-0.23,nan+/-nan
G. ruber (pink),1983-06-01,3.99,4.49,,-1.04,-1.04,,0.0,25.0,4899,36.51+/-0.09,36.50+/-0.09,36.51+/-0.09,1.11+/-0.05,1.10+/-0.05,1.11+/-0.05,25.48+/-0.24,25.48+/-0.24,nan+/-nan,25.46+/-0.24,25.46+/-0.24,nan+/-nan,25.47+/-0.24,25.47+/-0.24,nan+/-nan
G. ruber (pink),1983-08-01,4.43,4.65,,-1.53,-1.68,,0.0,25.0,4960,36.29+/-0.09,36.33+/-0.09,36.29+/-0.09,0.99+/-0.05,1.01+/-0.05,0.98+/-0.05,27.25+/-0.24,27.97+/-0.24,nan+/-nan,27.36+/-0.24,28.09+/-0.24,nan+/-nan,27.24+/-0.24,27.96+/-0.24,nan+/-nan
G. ruber (pink),1983-10-01,4.51,4.65,,-1.54,-1.57,,0.0,25.0,5021,36.31+/-0.09,36.37+/-0.09,36.31+/-0.09,1.00+/-0.05,1.03+/-0.05,1.00+/-0.05,27.34+/-0.24,27.49+/-0.24,nan+/-nan,27.50+/-0.24,27.64+/-0.24,nan+/-nan,27.34+/-0.24,27.49+/-0.24,nan+/-nan
G. ruber (pink),1983-12-01,4.26,4.61,,-1.08,-1.05,,0.0,25.0,5082,36.53+/-0.09,36.50+/-0.09,36.51+/-0.09,1.12+/-0.05,1.10+/-0.05,1.11+/-0.05,25.72+/-0.24,25.58+/-0.24,nan+/-nan,25.65+/-0.24,25.50+/-0.24,nan+/-nan,25.67+/-0.24,25.53+/-0.24,nan+/-nan
G. ruber (pink),1984-04-01,3.46,3.24,,-0.34,,,0.0,25.0,5204,36.52+/-0.09,36.50+/-0.09,36.51+/-0.09,1.12+/-0.05,1.10+/-0.05,1.11+/-0.05,22.23+/-0.23,nan+/-nan,nan+/-nan,22.18+/-0.23,nan+/-nan,nan+/-nan,22.20+/-0.23,nan+/-nan,nan+/-nan
G. ruber (white),1978-05-01,2.98,2.92,,-0.27,-0.3,,0.0,50.0,3042,36.57+/-0.09,36.53+/-0.09,36.54+/-0.09,1.14+/-0.05,1.12+/-0.05,1.12+/-0.05,22.03+/-0.23,22.16+/-0.23,nan+/-nan,21.92+/-0.23,22.06+/-0.23,nan+/-nan,21.95+/-0.23,22.09+/-0.23,nan+/-nan
G. ruber (white),1978-07-01,3.75,3.47,,-0.83,-0.88,,0.0,50.0,3103,36.40+/-0.09,36.53+/-0.09,36.48+/-0.09,1.04+/-0.05,1.12+/-0.05,1.09+/-0.05,24.19+/-0.24,24.42+/-0.24,nan+/-nan,24.53+/-0.24,24.77+/-0.24,nan+/-nan,24.40+/-0.24,24.64+/-0.24,nan+/-nan
G. ruber (white),1978-09-01,4.56,4.7,,-1.12,-1.35,,0.0,50.0,3165,36.31+/-0.09,36.52+/-0.09,36.33+/-0.09,1.00+/-0.05,1.11+/-0.05,1.01+/-0.05,25.32+/-0.24,26.42+/-0.24,nan+/-nan,25.88+/-0.24,26.98+/-0.24,nan+/-nan,25.39+/-0.24,26.49+/-0.24,nan+/-nan
G. ruber (white),1978-11-01,4.77,4.04,,-1.21,-1.32,,0.0,50.0,3226,36.48+/-0.09,36.53+/-0.09,36.53+/-0.09,1.09+/-0.05,1.12+/-0.05,1.12+/-0.05,26.22+/-0.24,26.75+/-0.24,nan+/-nan,26.34+/-0.24,26.87+/-0.24,nan+/-nan,26.35+/-0.24,26.88+/-0.24,nan+/-nan
G. ruber (white),1979-01-01,3.86,4.27,,-0.61,-1.21,,0.0,50.0,3287,36.56+/-0.09,36.53+/-0.09,36.54+/-0.09,1.14+/-0.05,1.12+/-0.05,1.12+/-0.05,23.58+/-0.24,26.42+/-0.24,nan+/-nan,23.50+/-0.24,26.34+/-0.24,nan+/-nan,23.52+/-0.24,26.36+/-0.24,nan+/-nan
G. ruber (white),1979-04-01,3.05,2.94,,-0.46,-0.29,,0.0,50.0,3377,36.56+/-0.09,36.53+/-0.09,36.54+/-0.09,1.13+/-0.05,1.12+/-0.05,1.12+/-0.05,22.88+/-0.23,22.09+/-0.23,nan+/-nan,22.80+/-0.23,22.01+/-0.23,nan+/-nan,22.82+/-0.23,22.04+/-0.23,nan+/-nan
G. ruber (white),1979-06-01,3.61,4.01,,-0.84,-0.94,,0.0,50.0,3438,36.52+/-0.09,36.52+/-0.09,36.53+/-0.09,1.12+/-0.05,1.12+/-0.05,1.12+/-0.05,24.57+/-0.24,25.04+/-0.24,nan+/-nan,24.57+/-0.24,25.05+/-0.24,nan+/-nan,24.60+/-0.24,25.07+/-0.24,nan+/-nan
G. ruber (white),1979-11-01,5.25,5.1,,-1.37,-1.42,,0.0,50.0,3591,36.47+/-0.09,36.52+/-0.09,36.52+/-0.09,1.09+/-0.05,1.12+/-0.05,1.12+/-0.05,26.96+/-0.24,27.20+/-0.24,nan+/-nan,27.09+/-0.24,27.33+/-0.24,nan+/-nan,27.10+/-0.24,27.34+/-0.24,nan+/-nan
G. ruber (white),1980-05-01,,2.95,,,-0.25,,0.0,50.0,3773,36.56+/-0.09,36.52+/-0.09,36.53+/-0.09,1.13+/-0.05,1.11+/-0.05,1.12+/-0.05,nan+/-nan,21.91+/-0.23,nan+/-nan,nan+/-nan,21.81+/-0.23,nan+/-nan,nan+/-nan,21.83+/-0.23,nan+/-nan
G. ruber (white),1980-07-01,3.71,,,-0.74,,,0.0,50.0,3834,36.39+/-0.09,36.52+/-0.09,36.47+/-0.09,1.04+/-0.05,1.11+/-0.05,1.09+/-0.05,23.75+/-0.24,nan+/-nan,nan+/-nan,24.08+/-0.24,nan+/-nan,nan+/-nan,23.97+/-0.24,nan+/-nan,nan+/-nan
G. ruber (white),1980-09-01,4.88,4.82,,-1.3,-1.49,,0.0,50.0,3896,36.29+/-0.09,36.50+/-0.09,36.32+/-0.09,0.99+/-0.05,1.10+/-0.05,1.00+/-0.05,26.14+/-0.24,27.05+/-0.24,nan+/-nan,26.71+/-0.24,27.62+/-0.24,nan+/-nan,26.21+/-0.24,27.12+/-0.24,nan+/-nan
G. ruber (white),1980-11-01,4.56,,,-1.15,,,0.0,50.0,3957,36.46+/-0.09,36.51+/-0.09,36.52+/-0.09,1.08+/-0.05,1.11+/-0.05,1.11+/-0.05,25.87+/-0.24,nan+/-nan,nan+/-nan,26.01+/-0.24,nan+/-nan,nan+/-nan,26.02+/-0.24,nan+/-nan,nan+/-nan
G. ruber (white),1981-04-01,,3.03,,,-0.26,,0.0,50.0,4108,36.54+/-0.09,36.51+/-0.09,36.52+/-0.09,1.13+/-0.05,1.11+/-0.05,1.11+/-0.05,nan+/-nan,21.91+/-0.23,nan+/-nan,nan+/-nan,21.83+/-0.23,nan+/-nan,nan+/-nan,21.86+/-0.23,nan+/-nan
G. ruber (white),1981-06-01,3.54,3.76,,-0.53,-0.91,,0.0,50.0,4169,36.51+/-0.09,36.51+/-0.09,36.52+/-0.09,1.11+/-0.05,1.11+/-0.05,1.11+/-0.05,23.09+/-0.23,24.88+/-0.24,nan+/-nan,23.07+/-0.23,24.86+/-0.24,nan+/-nan,23.10+/-0.23,24.88+/-0.24,nan+/-nan
G. ruber (white),1981-08-01,4.35,4.27,,-0.93,-1.08,,0.0,50.0,4230,36.30+/-0.09,36.50+/-0.09,36.34+/-0.09,0.99+/-0.05,1.10+/-0.05,1.01+/-0.05,24.41+/-0.24,25.12+/-0.24,nan+/-nan,24.93+/-0.24,25.64+/-0.24,nan+/-nan,24.51+/-0.24,25.22+/-0.24,nan+/-nan
G. ruber (white),1981-11-01,,4.36,,,-1.33,,0.0,50.0,4322,36.44+/-0.09,36.50+/-0.09,36.50+/-0.09,1.07+/-0.05,1.10+/-0.05,1.10+/-0.05,nan+/-nan,26.69+/-0.24,nan+/-nan,nan+/-nan,26.85+/-0.24,nan+/-nan,nan+/-nan,26.85+/-0.24,nan+/-nan
G. ruber (white),1982-01-01,4.14,3.95,,-0.47,-0.49,,0.0,50.0,4383,36.53+/-0.09,36.50+/-0.09,36.51+/-0.09,1.12+/-0.05,1.10+/-0.05,1.11+/-0.05,22.87+/-0.23,22.96+/-0.23,nan+/-nan,22.78+/-0.23,22.87+/-0.23,nan+/-nan,22.81+/-0.23,22.90+/-0.23,nan+/-nan
G. ruber (white),1982-03-01,3.22,3.18,,-0.36,-0.3,,0.0,50.0,4442,36.53+/-0.09,36.50+/-0.09,36.51+/-0.09,1.12+/-0.05,1.10+/-0.05,1.11+/-0.05,22.35+/-0.23,22.07+/-0.23,nan+/-nan,22.27+/-0.23,21.99+/-0.23,nan+/-nan,22.29+/-0.23,22.02+/-0.23,nan+/-nan
G. ruber (white),1982-05-01,3.07,3.35,,-0.55,-0.66,,0.0,50.0,4503,36.54+/-0.09,36.50+/-0.09,36.51+/-0.09,1.12+/-0.05,1.10+/-0.05,1.11+/-0.05,23.24+/-0.23,23.76+/-0.24,nan+/-nan,23.15+/-0.23,23.66+/-0.24,nan+/-nan,23.17+/-0.23,23.69+/-0.24,nan+/-nan
G. ruber (white),1982-07-01,4.56,4.25,,-1.04,-1.35,,0.0,50.0,4564,36.38+/-0.09,36.50+/-0.09,36.47+/-0.09,1.04+/-0.05,1.10+/-0.05,1.08+/-0.05,25.15+/-0.24,26.62+/-0.24,nan+/-nan,25.45+/-0.24,26.93+/-0.24,nan+/-nan,25.37+/-0.24,26.85+/-0.24,nan+/-nan
G. ruber (white),1982-11-01,4.98,4.56,,-1.52,-1.54,,0.0,50.0,4687,36.43+/-0.09,36.49+/-0.09,36.49+/-0.09,1.06+/-0.05,1.10+/-0.05,1.10+/-0.05,27.57+/-0.24,27.67+/-0.24,nan+/-nan,27.75+/-0.24,27.84+/-0.24,nan+/-nan,27.74+/-0.24,27.84+/-0.24,nan+/-nan
G. ruber (white),1983-02-01,3.3,3.31,,-0.32,-0.47,,0.0,50.0,4779,36.52+/-0.09,36.49+/-0.09,36.50+/-0.09,1.12+/-0.05,1.10+/-0.05,1.10+/-0.05,22.14+/-0.23,22.84+/-0.23,nan+/-nan,22.07+/-0.23,22.76+/-0.23,nan+/-nan,22.09+/-0.23,22.79+/-0.23,nan+/-nan
G. ruber (white),1983-04-01,,2.77,,,-0.3,,0.0,50.0,4838,36.52+/-0.09,36.49+/-0.09,36.50+/-0.09,1.12+/-0.05,1.10+/-0.05,1.10+/-0.05,nan+/-nan,22.05+/-0.23,nan+/-nan,nan+/-nan,21.97+/-0.23,nan+/-nan,nan+/-nan,22.00+/-0.23,nan+/-nan
G. ruber (white),1983-06-01,3.92,4.35,,-0.66,-1.14,,0.0,50.0,4899,36.51+/-0.09,36.49+/-0.09,36.50+/-0.09,1.11+/-0.05,1.10+/-0.05,1.10+/-0.05,23.69+/-0.24,25.96+/-0.24,nan+/-nan,23.64+/-0.24,25.91+/-0.24,nan+/-nan,23.67+/-0.24,25.94+/-0.24,nan+/-nan
G. ruber (white),1983-08-01,4.93,4.58,,-1.22,-1.58,,0.0,50.0,4960,36.29+/-0.09,36.48+/-0.09,36.33+/-0.09,0.99+/-0.05,1.09+/-0.05,1.01+/-0.05,25.76+/-0.24,27.49+/-0.24,nan+/-nan,26.27+/-0.24,28.01+/-0.24,nan+/-nan,25.87+/-0.24,27.60+/-0.24,nan+/-nan
G. ruber (white),1983-10-01,4.65,4.89,,-1.15,-1.37,,0.0,50.0,5021,36.31+/-0.09,36.49+/-0.09,36.37+/-0.09,1.00+/-0.05,1.10+/-0.05,1.03+/-0.05,25.47+/-0.24,26.53+/-0.24,nan+/-nan,25.94+/-0.24,27.00+/-0.24,nan+/-nan,25.63+/-0.24,26.68+/-0.24,nan+/-nan
G. ruber (white),1983-12-01,4.34,4.06,,-0.91,-0.93,,0.0,50.0,5082,36.53+/-0.09,36.49+/-0.09,36.50+/-0.09,1.12+/-0.05,1.10+/-0.05,1.10+/-0.05,24.91+/-0.24,25.01+/-0.24,nan+/-nan,24.81+/-0.24,24.91+/-0.24,nan+/-nan,24.84+/-0.24,24.94+/-0.24,nan+/-nan
G. ruber (white),1984-02-01,3.61,3.47,,-0.4,-0.47,,0.0,50.0,5144,36.52+/-0.09,36.49+/-0.09,36.50+/-0.09,1.11+/-0.05,1.10+/-0.05,1.10+/-0.05,22.51+/-0.23,22.83+/-0.23,nan+/-nan,22.43+/-0.23,22.75+/-0.23,nan+/-nan,22.45+/-0.23,22.78+/-0.23,nan+/-nan
G. ruber (white),1984-04-01,3.12,3.12,,-0.28,-0.29,,0.0,50.0,5204,36.52+/-0.09,36.49+/-0.09,36.50+/-0.09,1.12+/-0.05,1.10+/-0.05,1.10+/-0.05,21.96+/-0.23,22.00+/-0.23,nan+/-nan,21.88+/-0.23,21.92+/-0.23,nan+/-nan,21.90+/-0.23,21.95+/-0.23,nan+/-nan
G. sacculifer (with sac),1979-06-01,,3.44,,,-0.6,,0.0,50.0,3438,36.52+/-0.09,36.52+/-0.09,36.53+/-0.09,1.12+/-0.05,1.12+/-0.05,1.12+/-0.05,nan+/-nan,23.44+/-0.24,nan+/-nan,nan+/-nan,23.45+/-0.24,nan+/-nan,nan+/-nan,23.47+/-0.24,nan+/-nan
G. sacculifer (with sac),1979-11-01,,4.86,,,-1.33,,0.0,50.0,3591,36.47+/-0.09,36.52+/-0.09,36.52+/-0.09,1.09+/-0.05,1.12+/-0.05,1.12+/-0.05,nan+/-nan,26.77+/-0.24,nan+/-nan,nan+/-nan,26.90+/-0.24,nan+/-nan,nan+/-nan,26.91+/-0.24,nan+/-nan
G. sacculifer (with sac),1980-09-01,,4.01,,,-1.01,,0.0,50.0,3896,36.29+/-0.09,36.50+/-0.09,36.32+/-0.09,0.99+/-0.05,1.10+/-0.05,1.00+/-0.05,nan+/-nan,24.76+/-0.24,nan+/-nan,nan+/-nan,25.32+/-0.24,nan+/-nan,nan+/-nan,24.83+/-0.24,nan+/-nan
G. sacculifer (with sac),1980-11-01,,3.91,,,-1.21,,0.0,50.0,3957,36.46+/-0.09,36.51+/-0.09,36.52+/-0.09,1.08+/-0.05,1.11+/-0.05,1.11+/-0.05,nan+/-nan,26.16+/-0.24,nan+/-nan,nan+/-nan,26.30+/-0.24,nan+/-nan,nan+/-nan,26.31+/-0.24,nan+/-nan
G. sacculifer (with sac),1981-04-01,,2.81,,,,,0.0,50.0,4108,36.54+/-0.09,36.51+/-0.09,36.52+/-0.09,1.13+/-0.05,1.11+/-0.05,1.11+/-0.05,nan+/-nan,nan+/-nan,nan+/-nan,nan+/-nan,nan+/-nan,nan+/-nan,nan+/-nan,nan+/-nan,nan+/-nan
G. sacculifer (with sac),1981-08-01,,3.69,,,-1.02,,0.0,50.0,4230,36.30+/-0.09,36.50+/-0.09,36.34+/-0.09,0.99+/-0.05,1.10+/-0.05,1.01+/-0.05,nan+/-nan,24.83+/-0.24,nan+/-nan,nan+/-nan,25.35+/-0.24,nan+/-nan,nan+/-nan,24.93+/-0.24,nan+/-nan
G. sacculifer (with sac),1981-11-01,,4.06,,,-1.25,,0.0,50.0,4322,36.44+/-0.09,36.50+/-0.09,36.50+/-0.09,1.07+/-0.05,1.10+/-0.05,1.10+/-0.05,nan+/-nan,26.31+/-0.24,nan+/-nan,nan+/-nan,26.47+/-0.24,nan+/-nan,nan+/-nan,26.47+/-0.24,nan+/-nan
G. sacculifer (with sac),1982-05-01,,3.14,,,-0.34,,0.0,50.0,4503,36.54+/-0.09,36.50+/-0.09,36.51+/-0.09,1.12+/-0.05,1.10+/-0.05,1.11+/-0.05,nan+/-nan,22.27+/-0.23,nan+/-nan,nan+/-nan,22.17+/-0.23,nan+/-nan,nan+/-nan,22.20+/-0.23,nan+/-nan
G. sacculifer (with sac),1982-07-01,,3.84,,,-0.97,,0.0,50.0,4564,36.38+/-0.09,36.50+/-0.09,36.47+/-0.09,1.04+/-0.05,1.10+/-0.05,1.08+/-0.05,nan+/-nan,24.81+/-0.24,nan+/-nan,nan+/-nan,25.11+/-0.24,nan+/-nan,nan+/-nan,25.04+/-0.24,nan+/-nan
G. sacculifer (with sac),1982-11-01,,,,,-1.16,,0.0,50.0,4687,36.43+/-0.09,36.49+/-0.09,36.49+/-0.09,1.06+/-0.05,1.10+/-0.05,1.10+/-0.05,nan+/-nan,25.84+/-0.24,nan+/-nan,nan+/-nan,26.01+/-0.24,nan+/-nan,nan+/-nan,26.01+/-0.24,nan+/-nan
G. sacculifer (with sac),1983-10-01,,4.26,,,-1.55,,0.0,50.0,5021,36.31+/-0.09,36.49+/-0.09,36.37+/-0.09,1.00+/-0.05,1.10+/-0.05,1.03+/-0.05,nan+/-nan,27.39+/-0.24,nan+/-nan,nan+/-nan,27.87+/-0.24,nan+/-nan,nan+/-nan,27.55+/-0.24,nan+/-nan
G. sacculifer (without sac),1978-05-01,,3.35,,,-0.45,,0.0,50.0,3042,36.57+/-0.09,36.53+/-0.09,36.54+/-0.09,1.14+/-0.05,1.12+/-0.05,1.12+/-0.05,nan+/-nan,22.86+/-0.23,nan+/-nan,nan+/-nan,22.76+/-0.23,nan+/-nan,nan+/-nan,22.78+/-0.23,nan+/-nan
G. sacculifer (without sac),1979-11-01,,4.04,,,-1.54,,0.0,50.0,3591,36.47+/-0.09,36.52+/-0.09,36.52+/-0.09,1.09+/-0.05,1.12+/-0.05,1.12+/-0.05,nan+/-nan,27.78+/-0.24,nan+/-nan,nan+/-nan,27.92+/-0.24,nan+/-nan,nan+/-nan,27.92+/-0.24,nan+/-nan
G. sacculifer (without sac),1980-09-01,,3.29,,,-1.18,,0.0,50.0,3896,36.29+/-0.09,36.50+/-0.09,36.32+/-0.09,0.99+/-0.05,1.10+/-0.05,1.00+/-0.05,nan+/-nan,25.57+/-0.24,nan+/-nan,nan+/-nan,26.13+/-0.24,nan+/-nan,nan+/-nan,25.64+/-0.24,nan+/-nan
G. sacculifer (without sac),1980-11-01,,3.71,,,-1.08,,0.0,50.0,3957,36.46+/-0.09,36.51+/-0.09,36.52+/-0.09,1.08+/-0.05,1.11+/-0.05,1.11+/-0.05,nan+/-nan,25.54+/-0.24,nan+/-nan,nan+/-nan,25.68+/-0.24,nan+/-nan,nan+/-nan,25.68+/-0.24,nan+/-nan
G. sacculifer (without sac),1981-04-01,,2.68,,,-0.11,,0.0,50.0,4108,36.54+/-0.09,36.51+/-0.09,36.52+/-0.09,1.13+/-0.05,1.11+/-0.05,1.11+/-0.05,nan+/-nan,21.22+/-0.23,nan+/-nan,nan+/-nan,21.14+/-0.23,nan+/-nan,nan+/-nan,21.17+/-0.23,nan+/-nan
G. sacculifer (without sac),1981-08-01,,3.56,,,-1.22,,0.0,50.0,4230,36.30+/-0.09,36.50+/-0.09,36.34+/-0.09,0.99+/-0.05,1.10+/-0.05,1.01+/-0.05,nan+/-nan,25.78+/-0.24,nan+/-nan,nan+/-nan,26.31+/-0.24,nan+/-nan,nan+/-nan,25.88+/-0.24,nan+/-nan
G. sacculifer (without sac),1981-11-01,,3.76,,,-1.26,,0.0,50.0,4322,36.44+/-0.09,36.50+/-0.09,36.50+/-0.09,1.07+/-0.05,1.10+/-0.05,1.10+/-0.05,nan+/-nan,26.36+/-0.24,nan+/-nan,nan+/-nan,26.51+/-0.24,nan+/-nan,nan+/-nan,26.51+/-0.24,nan+/-nan
G. sacculifer (without sac),1982-05-01,,2.7,,,-0.4,,0.0,50.0,4503,36.54+/-0.09,36.50+/-0.09,36.51+/-0.09,1.12+/-0.05,1.10+/-0.05,1.11+/-0.05,nan+/-nan,22.55+/-0.23,nan+/-nan,nan+/-nan,22.45+/-0.23,nan+/-nan,nan+/-nan,22.48+/-0.23,nan+/-nan
G. sacculifer (without sac),1982-07-01,,3.61,,,-1.07,,0.0,50.0,4564,36.38+/-0.09,36.50+/-0.09,36.47+/-0.09,1.04+/-0.05,1.10+/-0.05,1.08+/-0.05,nan+/-nan,25.29+/-0.24,nan+/-nan,nan+/-nan,25.59+/-0.24,nan+/-nan,nan+/-nan,25.51+/-0.24,nan+/-nan
G. sacculifer (without sac),1982-11-01,,3.43,,,-1.04,,0.0,50.0,4687,36.43+/-0.09,36.49+/-0.09,36.49+/-0.09,1.06+/-0.05,1.10+/-0.05,1.10+/-0.05,nan+/-nan,25.27+/-0.24,nan+/-nan,nan+/-nan,25.44+/-0.24,nan+/-nan,nan+/-nan,25.44+/-0.24,nan+/-nan
G. sacculifer (without sac),1983-10-01,,3.57,,,-1.48,,0.0,50.0,5021,36.31+/-0.09,36.49+/-0.09,36.37+/-0.09,1.00+/-0.05,1.10+/-0.05,1.03+/-0.05,nan+/-nan,27.05+/-0.24,nan+/-nan,nan+/-nan,27.53+/-0.24,nan+/-nan,nan+/-nan,27.21+/-0.24,nan+/-nan
G. truncatulinoides,1978-05-01,,1.73,,,0.63,,200.0,500.0,3042,36.55+/-0.09,36.25+/-0.09,36.50+/-0.09,1.13+/-0.05,0.96+/-0.05,1.10+/-0.05,nan+/-nan,17.92+/-0.22,nan+/-nan,nan+/-nan,17.17+/-0.22,nan+/-nan,nan+/-nan,17.79+/-0.22,nan+/-nan
G. truncatulinoides,1978-07-01,,1.97,,,0.67,,200.0,500.0,3103,36.55+/-0.09,36.25+/-0.09,36.50+/-0.09,1.13+/-0.05,0.96+/-0.05,1.10+/-0.05,nan+/-nan,17.74+/-0.22,nan+/-nan,nan+/-nan,17.00+/-0.22,nan+/-nan,nan+/-nan,17.61+/-0.22,nan+/-nan
G. truncatulinoides,1979-01-01,,1.76,,,0.37,,200.0,500.0,3287,36.55+/-0.09,36.25+/-0.09,36.50+/-0.09,1.13+/-0.05,0.96+/-0.05,1.10+/-0.05,nan+/-nan,19.07+/-0.23,nan+/-nan,nan+/-nan,18.32+/-0.22,nan+/-nan,nan+/-nan,18.94+/-0.23,nan+/-nan
G. truncatulinoides,1979-02-01,,,1.72,,,,200.0,500.0,3318,36.55+/-0.09,36.25+/-0.09,36.50+/-0.09,1.13+/-0.05,0.96+/-0.05,1.10+/-0.05,nan+/-nan,nan+/-nan,nan+/-nan,nan+/-nan,nan+/-nan,nan+/-nan,nan+/-nan,nan+/-nan,nan+/-nan
G. truncatulinoides,1979-04-01,,1.63,,,0.35,,200.0,500.0,3377,36.55+/-0.09,36.25+/-0.09,36.49+/-0.09,1.13+/-0.05,0.96+/-0.05,1.10+/-0.05,nan+/-nan,19.16+/-0.23,nan+/-nan,nan+/-nan,18.41+/-0.22,nan+/-nan,nan+/-nan,19.03+/-0.23,nan+/-nan
G. truncatulinoides,1979-06-01,,1.99,,,0.55,,200.0,500.0,3438,36.55+/-0.09,36.24+/-0.09,36.49+/-0.09,1.13+/-0.05,0.96+/-0.05,1.10+/-0.05,nan+/-nan,18.26+/-0.22,nan+/-nan,nan+/-nan,17.52+/-0.22,nan+/-nan,nan+/-nan,18.13+/-0.22,nan+/-nan
G. truncatulinoides,1980-01-01,,1.72,,,0.61,,200.0,500.0,3652,36.54+/-0.09,36.24+/-0.09,36.49+/-0.09,1.13+/-0.05,0.96+/-0.05,1.10+/-0.05,nan+/-nan,17.99+/-0.22,nan+/-nan,nan+/-nan,17.24+/-0.22,nan+/-nan,nan+/-nan,17.86+/-0.22,nan+/-nan
G. truncatulinoides,1980-03-01,,1.7,,,0.78,,200.0,500.0,3712,36.54+/-0.09,36.24+/-0.09,36.49+/-0.09,1.13+/-0.05,0.96+/-0.05,1.10+/-0.05,nan+/-nan,17.23+/-0.22,nan+/-nan,nan+/-nan,16.50+/-0.22,nan+/-nan,nan+/-nan,17.10+/-0.22,nan+/-nan
G. truncatulinoides,1980-05-01,,1.71,,,0.72,,200.0,500.0,3773,36.54+/-0.09,36.24+/-0.09,36.49+/-0.09,1.13+/-0.05,0.96+/-0.05,1.10+/-0.05,nan+/-nan,17.49+/-0.22,nan+/-nan,nan+/-nan,16.75+/-0.22,nan+/-nan,nan+/-nan,17.36+/-0.22,nan+/-nan
G. truncatulinoides,1980-07-01,,1.89,,,0.42,,200.0,500.0,3834,36.54+/-0.09,36.24+/-0.09,36.49+/-0.09,1.12+/-0.05,0.96+/-0.05,1.09+/-0.05,nan+/-nan,18.82+/-0.22,nan+/-nan,nan+/-nan,18.07+/-0.22,nan+/-nan,nan+/-nan,18.69+/-0.22,nan+/-nan
G. truncatulinoides,1980-09-01,,1.71,,,0.63,,200.0,500.0,3896,36.54+/-0.09,36.23+/-0.09,36.48+/-0.09,1.12+/-0.05,0.95+/-0.05,1.09+/-0.05,nan+/-nan,17.88+/-0.22,nan+/-nan,nan+/-nan,17.14+/-0.22,nan+/-nan,nan+/-nan,17.75+/-0.22,nan+/-nan
G. truncatulinoides,1980-11-01,,1.66,,,0.47,,200.0,500.0,3957,36.54+/-0.09,36.23+/-0.09,36.48+/-0.09,1.12+/-0.05,0.95+/-0.05,1.09+/-0.05,nan+/-nan,18.59+/-0.22,nan+/-nan,nan+/-nan,17.84+/-0.22,nan+/-nan,nan+/-nan,18.46+/-0.22,nan+/-nan
G. truncatulinoides,1981-01-01,,1.74,,,0.51,,200.0,500.0,4018,36.53+/-0.09,36.23+/-0.09,36.48+/-0.09,1.12+/-0.05,0.95+/-0.05,1.09+/-0.05,nan+/-nan,18.41+/-0.22,nan+/-nan,nan+/-nan,17.66+/-0.22,nan+/-nan,nan+/-nan,18.28+/-0.22,nan+/-nan
G. truncatulinoides,1981-03-01,,1.71,,,0.65,,200.0,500.0,4077,36.53+/-0.09,36.23+/-0.09,36.48+/-0.09,1.12+/-0.05,0.95+/-0.05,1.09+/-0.05,nan+/-nan,17.78+/-0.22,nan+/-nan,nan+/-nan,17.04+/-0.22,nan+/-nan,nan+/-nan,17.65+/-0.22,nan+/-nan
G. truncatulinoides,1981-04-01,,1.74,,,0.78,,200.0,500.0,4108,36.53+/-0.09,36.23+/-0.09,36.48+/-0.09,1.12+/-0.05,0.95+/-0.05,1.09+/-0.05,nan+/-nan,17.21+/-0.22,nan+/-nan,nan+/-nan,16.47+/-0.22,nan+/-nan,nan+/-nan,17.08+/-0.22,nan+/-nan
G. truncatulinoides,1981-06-01,,2.18,,,0.64,,200.0,500.0,4169,36.53+/-0.09,36.23+/-0.09,36.48+/-0.09,1.12+/-0.05,0.95+/-0.05,1.09+/-0.05,nan+/-nan,17.82+/-0.22,nan+/-nan,nan+/-nan,17.08+/-0.22,nan+/-nan,nan+/-nan,17.69+/-0.22,nan+/-nan
G. truncatulinoides,1981-08-01,,1.86,,,0.63,,200.0,500.0,4230,36.53+/-0.09,36.23+/-0.09,36.47+/-0.09,1.12+/-0.05,0.95+/-0.05,1.09+/-0.05,nan+/-nan,17.86+/-0.22,nan+/-nan,nan+/-nan,17.12+/-0.22,nan+/-nan,nan+/-nan,17.73+/-0.22,nan+/-nan
G. truncatulinoides,1981-11-01,,1.88,,,0.79,,200.0,500.0,4322,36.53+/-0.09,36.22+/-0.09,36.47+/-0.09,1.12+/-0.05,0.95+/-0.05,1.09+/-0.05,nan+/-nan,17.15+/-0.22,nan+/-nan,nan+/-nan,16.41+/-0.22,nan+/-nan,nan+/-nan,17.02+/-0.22,nan+/-nan
G. truncatulinoides,1982-01-01,,2.43,1.7,,0.73,0.73,200.0,500.0,4383,36.52+/-0.09,36.22+/-0.09,36.47+/-0.09,1.12+/-0.05,0.95+/-0.05,1.09+/-0.05,nan+/-nan,17.41+/-0.22,17.41+/-0.22,nan+/-nan,16.67+/-0.22,16.67+/-0.22,nan+/-nan,17.28+/-0.22,17.28+/-0.22
G. truncatulinoides,1982-03-01,,1.54,1.79,,0.8,0.78,200.0,500.0,4442,36.52+/-0.09,36.22+/-0.09,36.47+/-0.09,1.12+/-0.05,0.95+/-0.05,1.09+/-0.05,nan+/-nan,17.10+/-0.22,17.19+/-0.22,nan+/-nan,16.36+/-0.22,16.45+/-0.22,nan+/-nan,16.97+/-0.22,17.06+/-0.22
G. truncatulinoides,1982-05-01,,2.01,1.85,,0.59,0.85,200.0,500.0,4503,36.52+/-0.09,36.22+/-0.09,36.47+/-0.09,1.11+/-0.05,0.95+/-0.05,1.08+/-0.05,nan+/-nan,18.02+/-0.22,16.88+/-0.22,nan+/-nan,17.28+/-0.22,16.14+/-0.22,nan+/-nan,17.89+/-0.22,16.75+/-0.22
G. truncatulinoides,1983-02-01,,1.69,1.65,,0.58,0.63,200.0,500.0,4779,36.52+/-0.09,36.21+/-0.09,36.46+/-0.09,1.11+/-0.05,0.94+/-0.05,1.08+/-0.05,nan+/-nan,18.05+/-0.22,17.83+/-0.22,nan+/-nan,17.31+/-0.22,17.09+/-0.22,nan+/-nan,17.92+/-0.22,17.70+/-0.22
G. truncatulinoides,1983-04-01,,1.7,1.56,,0.71,0.71,200.0,500.0,4838,36.51+/-0.09,36.21+/-0.09,36.46+/-0.09,1.11+/-0.05,0.94+/-0.05,1.08+/-0.05,nan+/-nan,17.48+/-0.22,17.48+/-0.22,nan+/-nan,16.74+/-0.22,16.74+/-0.22,nan+/-nan,17.35+/-0.22,17.35+/-0.22
G. truncatulinoides,1983-06-01,,1.95,,,0.73,,200.0,500.0,4899,36.51+/-0.09,36.21+/-0.09,36.46+/-0.09,1.11+/-0.05,0.94+/-0.05,1.08+/-0.05,nan+/-nan,17.39+/-0.22,nan+/-nan,nan+/-nan,16.65+/-0.22,nan+/-nan,nan+/-nan,17.26+/-0.22,nan+/-nan
G. truncatulinoides,1983-08-01,,2.21,2.15,,0.47,0.78,200.0,500.0,4960,36.51+/-0.09,36.21+/-0.09,36.46+/-0.09,1.11+/-0.05,0.94+/-0.05,1.08+/-0.05,nan+/-nan,18.54+/-0.22,17.17+/-0.22,nan+/-nan,17.79+/-0.22,16.43+/-0.22,nan+/-nan,18.40+/-0.22,17.03+/-0.22
G. truncatulinoides,1983-10-01,,1.7,,,1.0,,200.0,500.0,5021,36.51+/-0.09,36.21+/-0.09,36.46+/-0.09,1.11+/-0.05,0.94+/-0.05,1.08+/-0.05,nan+/-nan,16.20+/-0.22,nan+/-nan,nan+/-nan,15.47+/-0.22,nan+/-nan,nan+/-nan,16.07+/-0.22,nan+/-nan
G. truncatulinoides,1983-12-01,,1.72,1.55,,0.44,0.49,200.0,500.0,5082,36.51+/-0.09,36.21+/-0.09,36.46+/-0.09,1.11+/-0.05,0.94+/-0.05,1.08+/-0.05,nan+/-nan,18.67+/-0.22,18.45+/-0.22,nan+/-nan,17.92+/-0.22,17.70+/-0.22,nan+/-nan,18.54+/-0.22,18.31+/-0.22
G. truncatulinoides,1984-02-01,,1.81,1.7,,0.6,0.67,200.0,500.0,5144,36.51+/-0.09,36.21+/-0.09,36.46+/-0.09,1.11+/-0.05,0.94+/-0.05,1.08+/-0.05,nan+/-nan,17.96+/-0.22,17.65+/-0.22,nan+/-nan,17.21+/-0.22,16.91+/-0.22,nan+/-nan,17.83+/-0.22,17.52+/-0.22
G. truncatulinoides,1984-04-01,,1.67,1.56,,0.74,0.56,200.0,500.0,5204,36.51+/-0.09,36.21+/-0.09,36.46+/-0.09,1.11+/-0.05,0.94+/-0.05,1.08+/-0.05,nan+/-nan,17.34+/-0.22,18.14+/-0.22,nan+/-nan,16.60+/-0.22,17.39+/-0.22,nan+/-nan,17.21+/-0.22,18.00+/-0.22
N. dutertrei,1978-05-01,,1.91,,,0.3,,50.0,100.0,3042,36.53+/-0.09,36.53+/-0.09,36.52+/-0.09,1.12+/-0.05,1.12+/-0.05,1.12+/-0.05,nan+/-nan,19.33+/-0.23,nan+/-nan,nan+/-nan,19.33+/-0.23,nan+/-nan,nan+/-nan,19.33+/-0.23,nan+/-nan
N. dutertrei,1978-07-01,,1.77,,,0.2,,50.0,100.0,3103,36.53+/-0.09,36.53+/-0.09,36.52+/-0.09,1.12+/-0.05,1.12+/-0.05,1.12+/-0.05,nan+/-nan,19.78+/-0.23,nan+/-nan,nan+/-nan,19.78+/-0.23,nan+/-nan,nan+/-nan,19.78+/-0.23,nan+/-nan
N. dutertrei,1979-01-01,,2.21,,,-0.07,,50.0,100.0,3287,36.53+/-0.09,36.53+/-0.09,36.52+/-0.09,1.12+/-0.05,1.12+/-0.05,1.12+/-0.05,nan+/-nan,21.00+/-0.23,nan+/-nan,nan+/-nan,21.00+/-0.23,nan+/-nan,nan+/-nan,21.00+/-0.23,nan+/-nan
N. dutertrei,1979-04-01,,2.35,,,0.28,,50.0,100.0,3377,36.53+/-0.09,36.53+/-0.09,36.52+/-0.09,1.12+/-0.05,1.12+/-0.05,1.12+/-0.05,nan+/-nan,19.42+/-0.23,nan+/-nan,nan+/-nan,19.42+/-0.23,nan+/-nan,nan+/-nan,19.41+/-0.23,nan+/-nan
N. dutertrei,1979-06-01,,2.26,,,-0.25,,50.0,100.0,3438,36.52+/-0.09,36.52+/-0.09,36.52+/-0.09,1.12+/-0.05,1.12+/-0.05,1.12+/-0.05,nan+/-nan,21.82+/-0.23,nan+/-nan,nan+/-nan,21.82+/-0.23,nan+/-nan,nan+/-nan,21.82+/-0.23,nan+/-nan
N. dutertrei,1979-11-01,,2.96,,,-0.61,,50.0,100.0,3591,36.52+/-0.09,36.52+/-0.09,36.52+/-0.09,1.12+/-0.05,1.11+/-0.05,1.11+/-0.05,nan+/-nan,23.49+/-0.24,nan+/-nan,nan+/-nan,23.48+/-0.24,nan+/-nan,nan+/-nan,23.48+/-0.24,nan+/-nan
N. dutertrei,1980-01-01,,2.56,,,,,50.0,100.0,3652,36.52+/-0.09,36.52+/-0.09,36.52+/-0.09,1.11+/-0.05,1.11+/-0.05,1.11+/-0.05,nan+/-nan,nan+/-nan,nan+/-nan,nan+/-nan,nan+/-nan,nan+/-nan,nan+/-nan,nan+/-nan,nan+/-nan
N. dutertrei,1980-03-01,,2.62,,,0.33,,50.0,100.0,3712,36.52+/-0.09,36.52+/-0.09,36.52+/-0.09,1.11+/-0.05,1.11+/-0.05,1.11+/-0.05,nan+/-nan,19.18+/-0.23,nan+/-nan,nan+/-nan,19.18+/-0.23,nan+/-nan,nan+/-nan,19.17+/-0.23,nan+/-nan
N. dutertrei,1980-05-01,,2.32,,,0.51,,50.0,100.0,3773,36.52+/-0.09,36.52+/-0.09,36.51+/-0.09,1.11+/-0.05,1.11+/-0.05,1.11+/-0.05,nan+/-nan,18.37+/-0.22,nan+/-nan,nan+/-nan,18.37+/-0.22,nan+/-nan,nan+/-nan,18.36+/-0.22,nan+/-nan
N. dutertrei,1980-11-01,,3.01,,,-0.21,,50.0,100.0,3957,36.51+/-0.09,36.51+/-0.09,36.51+/-0.09,1.11+/-0.05,1.11+/-0.05,1.11+/-0.05,nan+/-nan,21.61+/-0.23,nan+/-nan,nan+/-nan,21.61+/-0.23,nan+/-nan,nan+/-nan,21.60+/-0.23,nan+/-nan
N. dutertrei,1981-03-01,,2.09,,,0.36,,50.0,100.0,4077,36.51+/-0.09,36.51+/-0.09,36.51+/-0.09,1.11+/-0.05,1.11+/-0.05,1.11+/-0.05,nan+/-nan,19.02+/-0.23,nan+/-nan,nan+/-nan,19.02+/-0.23,nan+/-nan,nan+/-nan,19.01+/-0.23,nan+/-nan
N. dutertrei,1981-04-01,,2.37,,,0.44,,50.0,100.0,4108,36.51+/-0.09,36.51+/-0.09,36.51+/-0.09,1.11+/-0.05,1.11+/-0.05,1.11+/-0.05,nan+/-nan,18.66+/-0.22,nan+/-nan,nan+/-nan,18.66+/-0.22,nan+/-nan,nan+/-nan,18.65+/-0.22,nan+/-nan
N. dutertrei,1981-11-01,,2.47,,,-0.59,,50.0,100.0,4322,36.50+/-0.09,36.50+/-0.09,36.50+/-0.09,1.10+/-0.05,1.10+/-0.05,1.10+/-0.05,nan+/-nan,23.34+/-0.23,nan+/-nan,nan+/-nan,23.34+/-0.23,nan+/-nan,nan+/-nan,23.34+/-0.23,nan+/-nan
N. dutertrei,1982-05-01,,2.33,,,0.3,,50.0,100.0,4503,36.50+/-0.09,36.50+/-0.09,36.50+/-0.09,1.10+/-0.05,1.10+/-0.05,1.10+/-0.05,nan+/-nan,19.26+/-0.23,nan+/-nan,nan+/-nan,19.26+/-0.23,nan+/-nan,nan+/-nan,19.25+/-0.23,nan+/-nan
N. dutertrei,1982-07-01,,2.35,,,-0.12,,50.0,100.0,4564,36.50+/-0.09,36.50+/-0.09,36.49+/-0.09,1.10+/-0.05,1.10+/-0.05,1.10+/-0.05,nan+/-nan,21.16+/-0.23,nan+/-nan,nan+/-nan,21.16+/-0.23,nan+/-nan,nan+/-nan,21.15+/-0.23,nan+/-nan
N. dutertrei,1982-11-01,,2.15,,,-0.3,,50.0,100.0,4687,36.49+/-0.09,36.49+/-0.09,36.49+/-0.09,1.10+/-0.05,1.10+/-0.05,1.10+/-0.05,nan+/-nan,21.98+/-0.23,nan+/-nan,nan+/-nan,21.98+/-0.23,nan+/-nan,nan+/-nan,21.97+/-0.23,nan+/-nan
N. dutertrei,1983-02-01,,2.47,,,0.27,,50.0,100.0,4779,36.49+/-0.09,36.49+/-0.09,36.49+/-0.09,1.10+/-0.05,1.10+/-0.05,1.10+/-0.05,nan+/-nan,19.38+/-0.23,nan+/-nan,nan+/-nan,19.38+/-0.23,nan+/-nan,nan+/-nan,19.37+/-0.23,nan+/-nan
N. dutertrei,1983-04-01,,1.99,,,0.4,,50.0,100.0,4838,36.49+/-0.09,36.49+/-0.09,36.49+/-0.09,1.10+/-0.05,1.10+/-0.05,1.10+/-0.05,nan+/-nan,18.80+/-0.22,nan+/-nan,nan+/-nan,18.80+/-0.22,nan+/-nan,nan+/-nan,18.79+/-0.22,nan+/-nan
N. dutertrei,1983-12-01,,2.56,,,-0.53,,50.0,100.0,5082,36.49+/-0.09,36.49+/-0.09,36.49+/-0.09,1.10+/-0.05,1.10+/-0.05,1.10+/-0.05,nan+/-nan,23.03+/-0.23,nan+/-nan,nan+/-nan,23.03+/-0.23,nan+/-nan,nan+/-nan,23.02+/-0.23,nan+/-nan
N. dutertrei,1984-02-01,,1.52,,,0.12,,50.0,100.0,5144,36.49+/-0.09,36.49+/-0.09,36.49+/-0.09,1.10+/-0.05,1.10+/-0.05,1.10+/-0.05,nan+/-nan,20.05+/-0.23,nan+/-nan,nan+/-nan,20.05+/-0.23,nan+/-nan,nan+/-nan,20.04+/-0.23,nan+/-nan
N. dutertrei,1984-04-01,,1.94,,,0.36,,50.0,100.0,5204,36.49+/-0.09,36.49+/-0.09,36.49+/-0.09,1.10+/-0.05,1.10+/-0.05,1.10+/-0.05,nan+/-nan,18.97+/-0.23,nan+/-nan,nan+/-nan,18.97+/-0.23,nan+/-nan,nan+/-nan,18.96+/-0.23,nan+/-nan
O. universa (thick test),1978-07-01,,,5.05,,,-0.34,50.0,100.0,3103,36.53+/-0.09,36.53+/-0.09,36.52+/-0.09,1.12+/-0.05,1.12+/-0.05,1.12+/-0.05,nan+/-nan,nan+/-nan,22.24+/-0.23,nan+/-nan,nan+/-nan,22.25+/-0.23,nan+/-nan,nan+/-nan,22.24+/-0.23
O. universa (thick test),1978-09-01,,,8.21,,,-0.97,50.0,100.0,3165,36.52+/-0.09,36.53+/-0.09,36.52+/-0.09,1.11+/-0.05,1.12+/-0.05,1.12+/-0.05,nan+/-nan,nan+/-nan,25.17+/-0.24,nan+/-nan,nan+/-nan,25.19+/-0.24,nan+/-nan,nan+/-nan,25.19+/-0.24
O. universa (thick test),1979-06-01,,,4.94,,,,50.0,100.0,3438,36.52+/-0.09,36.52+/-0.09,36.52+/-0.09,1.12+/-0.05,1.12+/-0.05,1.12+/-0.05,nan+/-nan,nan+/-nan,nan+/-nan,nan+/-nan,nan+/-nan,nan+/-nan,nan+/-nan,nan+/-nan,nan+/-nan
O. universa (thick test),1979-09-01,,,6.25,,,-0.12,50.0,100.0,3530,36.51+/-0.09,36.52+/-0.09,36.52+/-0.09,1.11+/-0.05,1.12+/-0.05,1.11+/-0.05,nan+/-nan,nan+/-nan,21.19+/-0.23,nan+/-nan,nan+/-nan,21.22+/-0.23,nan+/-nan,nan+/-nan,21.22+/-0.23
O. universa (thick test),1981-08-01,,,4.79,,,0.05,50.0,100.0,4230,36.50+/-0.09,36.50+/-0.09,36.50+/-0.09,1.10+/-0.05,1.11+/-0.05,1.10+/-0.05,nan+/-nan,nan+/-nan,20.39+/-0.23,nan+/-nan,nan+/-nan,20.40+/-0.23,nan+/-nan,nan+/-nan,20.40+/-0.23
O. universa (thick test),1982-05-01,,,5.76,,,-0.19,50.0,100.0,4503,36.50+/-0.09,36.50+/-0.09,36.50+/-0.09,1.10+/-0.05,1.10+/-0.05,1.10+/-0.05,nan+/-nan,nan+/-nan,21.48+/-0.23,nan+/-nan,nan+/-nan,21.48+/-0.23,nan+/-nan,nan+/-nan,21.47+/-0.23
O. universa (thick test),1982-07-01,,,7.33,,,-0.72,50.0,100.0,4564,36.50+/-0.09,36.50+/-0.09,36.49+/-0.09,1.10+/-0.05,1.10+/-0.05,1.10+/-0.05,nan+/-nan,nan+/-nan,23.93+/-0.24,nan+/-nan,nan+/-nan,23.93+/-0.24,nan+/-nan,nan+/-nan,23.93+/-0.24
O. universa (thick test),1982-11-01,,,5.66,,,-0.68,50.0,100.0,4687,36.49+/-0.09,36.49+/-0.09,36.49+/-0.09,1.10+/-0.05,1.10+/-0.05,1.10+/-0.05,nan+/-nan,nan+/-nan,23.74+/-0.24,nan+/-nan,nan+/-nan,23.74+/-0.24,nan+/-nan,nan+/-nan,23.74+/-0.24
O. universa (thick test),1983-06-01,,,5.08,,,0.26,50.0,100.0,4899,36.49+/-0.09,36.49+/-0.09,36.49+/-0.09,1.10+/-0.05,1.10+/-0.05,1.10+/-0.05,nan+/-nan,nan+/-nan,19.42+/-0.23,nan+/-nan,nan+/-nan,19.42+/-0.23,nan+/-nan,nan+/-nan,19.42+/-0.23
O. universa (thick test),1983-08-01,,,5.4,,,-0.2,50.0,100.0,4960,36.48+/-0.09,36.49+/-0.09,36.49+/-0.09,1.09+/-0.05,1.10+/-0.05,1.10+/-0.05,nan+/-nan,nan+/-nan,21.49+/-0.23,nan+/-nan,nan+/-nan,21.51+/-0.23,nan+/-nan,nan+/-nan,21.50+/-0.23
O. universa (thick test),1983-10-01,,,8.77,,,-0.67,50.0,100.0,5021,36.49+/-0.09,36.49+/-0.09,36.49+/-0.09,1.10+/-0.05,1.10+/-0.05,1.10+/-0.05,nan+/-nan,nan+/-nan,23.68+/-0.24,nan+/-nan,nan+/-nan,23.68+/-0.24,nan+/-nan,nan+/-nan,23.68+/-0.24
O. universa (thick test),1983-12-01,,,7.33,,,-0.83,50.0,100.0,5082,36.49+/-0.09,36.49+/-0.09,36.49+/-0.09,1.10+/-0.05,1.10+/-0.05,1.10+/-0.05,nan+/-nan,nan+/-nan,24.44+/-0.24,nan+/-nan,nan+/-nan,24.43+/-0.24,nan+/-nan,nan+/-nan,24.43+/-0.24
O. universa (thick test),1984-04-01,,,4.25,,,0.06,50.0,100.0,5204,36.49+/-0.09,36.49+/-0.09,36.49+/-0.09,1.10+/-0.05,1.10+/-0.05,1.10+/-0.05,nan+/-nan,nan+/-nan,20.32+/-0.23,nan+/-nan,nan+/-nan,20.32+/-0.23,nan+/-nan,nan+/-nan,20.32+/-0.23
O. universa (thin test),1978-05-01,,5.91,,,-0.03,,50.0,100.0,3042,36.53+/-0.09,36.53+/-0.09,36.52+/-0.09,1.12+/-0.05,1.12+/-0.05,1.12+/-0.05,nan+/-nan,20.83+/-0.23,nan+/-nan,nan+/-nan,20.82+/-0.23,nan+/-nan,nan+/-nan,20.82+/-0.23,nan+/-nan
O. universa (thin test),1978-07-01,,4.26,5.7,,-0.19,-0.5,50.0,100.0,3103,36.53+/-0.09,36.53+/-0.09,36.52+/-0.09,1.12+/-0.05,1.12+/-0.05,1.12+/-0.05,nan+/-nan,21.55+/-0.23,22.99+/-0.23,nan+/-nan,21.56+/-0.23,22.99+/-0.23,nan+/-nan,21.55+/-0.23,22.98+/-0.23
O. universa (thin test),1978-09-01,,4.36,5.82,,-0.42,-0.77,50.0,100.0,3165,36.52+/-0.09,36.53+/-0.09,36.52+/-0.09,1.11+/-0.05,1.12+/-0.05,1.12+/-0.05,nan+/-nan,22.59+/-0.23,24.22+/-0.24,nan+/-nan,22.62+/-0.23,24.25+/-0.24,nan+/-nan,22.61+/-0.23,24.24+/-0.24
O. universa (thin test),1979-04-01,,5.49,,,0.09,,50.0,100.0,3377,36.53+/-0.09,36.53+/-0.09,36.52+/-0.09,1.12+/-0.05,1.12+/-0.05,1.12+/-0.05,nan+/-nan,20.27+/-0.23,nan+/-nan,nan+/-nan,20.27+/-0.23,nan+/-nan,nan+/-nan,20.27+/-0.23,nan+/-nan
O. universa (thin test),1979-06-01,,8.5,5.28,,-0.35,-0.33,50.0,100.0,3438,36.52+/-0.09,36.52+/-0.09,36.52+/-0.09,1.12+/-0.05,1.12+/-0.05,1.12+/-0.05,nan+/-nan,22.29+/-0.23,22.19+/-0.23,nan+/-nan,22.28+/-0.23,22.19+/-0.23,nan+/-nan,22.28+/-0.23,22.19+/-0.23
O. universa (thin test),1979-09-01,,,5.64,,,0.03,50.0,100.0,3530,36.51+/-0.09,36.52+/-0.09,36.52+/-0.09,1.11+/-0.05,1.12+/-0.05,1.11+/-0.05,nan+/-nan,nan+/-nan,20.51+/-0.23,nan+/-nan,nan+/-nan,20.54+/-0.23,nan+/-nan,nan+/-nan,20.53+/-0.23
O. universa (thin test),1980-09-01,,4.53,,,-0.53,,50.0,100.0,3896,36.50+/-0.09,36.51+/-0.09,36.51+/-0.09,1.10+/-0.05,1.11+/-0.05,1.11+/-0.05,nan+/-nan,23.06+/-0.23,nan+/-nan,nan+/-nan,23.09+/-0.23,nan+/-nan,nan+/-nan,23.09+/-0.23,nan+/-nan
O. universa (thin test),1980-11-01,,4.9,,,-0.65,,50.0,100.0,3957,36.51+/-0.09,36.51+/-0.09,36.51+/-0.09,1.11+/-0.05,1.11+/-0.05,1.11+/-0.05,nan+/-nan,23.65+/-0.24,nan+/-nan,nan+/-nan,23.65+/-0.24,nan+/-nan,nan+/-nan,23.64+/-0.24,nan+/-nan
O. universa (thin test),1981-03-01,,4.53,,,0.09,,50.0,100.0,4077,36.51+/-0.09,36.51+/-0.09,36.51+/-0.09,1.11+/-0.05,1.11+/-0.05,1.11+/-0.05,nan+/-nan,20.23+/-0.23,nan+/-nan,nan+/-nan,20.23+/-0.23,nan+/-nan,nan+/-nan,20.23+/-0.23,nan+/-nan
O. universa (thin test),1981-06-01,,5.24,,,0.13,,50.0,100.0,4169,36.51+/-0.09,36.51+/-0.09,36.50+/-0.09,1.11+/-0.05,1.11+/-0.05,1.11+/-0.05,nan+/-nan,20.05+/-0.23,nan+/-nan,nan+/-nan,20.05+/-0.23,nan+/-nan,nan+/-nan,20.04+/-0.23,nan+/-nan
O. universa (thin test),1981-08-01,,4.69,6.0,,-0.18,-0.83,50.0,100.0,4230,36.50+/-0.09,36.50+/-0.09,36.50+/-0.09,1.10+/-0.05,1.11+/-0.05,1.10+/-0.05,nan+/-nan,21.43+/-0.23,24.46+/-0.24,nan+/-nan,21.45+/-0.23,24.47+/-0.24,nan+/-nan,21.45+/-0.23,24.47+/-0.24
O. universa (thin test),1981-11-01,,5.6,7.39,,-0.65,-0.82,50.0,100.0,4322,36.50+/-0.09,36.50+/-0.09,36.50+/-0.09,1.10+/-0.05,1.10+/-0.05,1.10+/-0.05,nan+/-nan,23.62+/-0.24,24.42+/-0.24,nan+/-nan,23.62+/-0.24,24.42+/-0.24,nan+/-nan,23.62+/-0.24,24.41+/-0.24
O. universa (thin test),1982-05-01,,4.24,5.06,,-0.55,0.05,50.0,100.0,4503,36.50+/-0.09,36.50+/-0.09,36.50+/-0.09,1.10+/-0.05,1.10+/-0.05,1.10+/-0.05,nan+/-nan,23.15+/-0.23,20.39+/-0.23,nan+/-nan,23.14+/-0.23,20.39+/-0.23,nan+/-nan,23.14+/-0.23,20.38+/-0.23
O. universa (thin test),1982-07-01,,,6.4,,,-0.5,50.0,100.0,4564,36.50+/-0.09,36.50+/-0.09,36.49+/-0.09,1.10+/-0.05,1.10+/-0.05,1.10+/-0.05,nan+/-nan,nan+/-nan,22.91+/-0.23,nan+/-nan,nan+/-nan,22.91+/-0.23,nan+/-nan,nan+/-nan,22.90+/-0.23
O. universa (thin test),1982-11-01,,5.55,,,-0.98,,50.0,100.0,4687,36.49+/-0.09,36.49+/-0.09,36.49+/-0.09,1.10+/-0.05,1.10+/-0.05,1.10+/-0.05,nan+/-nan,25.16+/-0.24,nan+/-nan,nan+/-nan,25.15+/-0.24,nan+/-nan,nan+/-nan,25.15+/-0.24,nan+/-nan
O. universa (thin test),1983-04-01,,,5.22,,,0.14,50.0,100.0,4838,36.49+/-0.09,36.49+/-0.09,36.49+/-0.09,1.10+/-0.05,1.10+/-0.05,1.10+/-0.05,nan+/-nan,nan+/-nan,19.96+/-0.23,nan+/-nan,nan+/-nan,19.96+/-0.23,nan+/-nan,nan+/-nan,19.96+/-0.23
O. universa (thin test),1983-06-01,,,5.66,,,-0.5,50.0,100.0,4899,36.49+/-0.09,36.49+/-0.09,36.49+/-0.09,1.10+/-0.05,1.10+/-0.05,1.10+/-0.05,nan+/-nan,nan+/-nan,22.90+/-0.23,nan+/-nan,nan+/-nan,22.89+/-0.23,nan+/-nan,nan+/-nan,22.89+/-0.23
O. universa (thin test),1983-08-01,,4.54,6.0,,-0.72,-0.83,50.0,100.0,4960,36.48+/-0.09,36.49+/-0.09,36.49+/-0.09,1.09+/-0.05,1.10+/-0.05,1.10+/-0.05,nan+/-nan,23.90+/-0.24,24.42+/-0.24,nan+/-nan,23.92+/-0.24,24.44+/-0.24,nan+/-nan,23.91+/-0.24,24.43+/-0.24
O. universa (thin test),1983-10-01,,6.67,7.01,,-0.64,-1.02,50.0,100.0,5021,36.49+/-0.09,36.49+/-0.09,36.49+/-0.09,1.10+/-0.05,1.10+/-0.05,1.10+/-0.05,nan+/-nan,23.54+/-0.24,25.33+/-0.24,nan+/-nan,23.54+/-0.24,25.33+/-0.24,nan+/-nan,23.54+/-0.24,25.33+/-0.24
O. universa (thin test),1983-12-01,,5.69,5.66,,-0.8,-1.09,50.0,100.0,5082,36.49+/-0.09,36.49+/-0.09,36.49+/-0.09,1.10+/-0.05,1.10+/-0.05,1.10+/-0.05,nan+/-nan,24.29+/-0.24,25.67+/-0.24,nan+/-nan,24.29+/-0.24,25.67+/-0.24,nan+/-nan,24.29+/-0.24,25.66+/-0.24
O. universa (thin test),1984-04-01,,,5.12,,,0.12,50.0,100.0,5204,36.49+/-0.09,36.49+/-0.09,36.49+/-0.09,1.10+/-0.05,1.10+/-0.05,1.10+/-0.05,nan+/-nan,nan+/-nan,20.05+/-0.23,nan+/-nan,nan+/-nan,20.05+/-0.23,nan+/-nan,nan+/-nan,20.04+/-0.23
P. obliquiloculata,1978-05-01,,1.73,,,0.17,,50.0,100.0,3042,36.53+/-0.09,36.53+/-0.09,36.52+/-0.09,1.12+/-0.05,1.12+/-0.05,1.12+/-0.05,nan+/-nan,19.92+/-0.23,nan+/-nan,nan+/-nan,19.92+/-0.23,nan+/-nan,nan+/-nan,19.91+/-0.23,nan+/-nan
P. obliquiloculata,1979-01-01,,2.57,,,-0.08,,50.0,100.0,3287,36.53+/-0.09,36.53+/-0.09,36.52+/-0.09,1.12+/-0.05,1.12+/-0.05,1.12+/-0.05,nan+/-nan,21.05+/-0.23,nan+/-nan,nan+/-nan,21.05+/-0.23,nan+/-nan,nan+/-nan,21.04+/-0.23,nan+/-nan
P. obliquiloculata,1979-04-01,,2.07,,,0.13,,50.0,100.0,3377,36.53+/-0.09,36.53+/-0.09,36.52+/-0.09,1.12+/-0.05,1.12+/-0.05,1.12+/-0.05,nan+/-nan,20.09+/-0.23,nan+/-nan,nan+/-nan,20.09+/-0.23,nan+/-nan,nan+/-nan,20.09+/-0.23,nan+/-nan
P. obliquiloculata,1980-11-01,,2.61,,,-0.15,,50.0,100.0,3957,36.51+/-0.09,36.51+/-0.09,36.51+/-0.09,1.11+/-0.05,1.11+/-0.05,1.11+/-0.05,nan+/-nan,21.34+/-0.23,nan+/-nan,nan+/-nan,21.33+/-0.23,nan+/-nan,nan+/-nan,21.33+/-0.23,nan+/-nan
P. obliquiloculata,1981-01-01,,2.2,,,0.18,,50.0,100.0,4018,36.51+/-0.09,36.51+/-0.09,36.51+/-0.09,1.11+/-0.05,1.11+/-0.05,1.11+/-0.05,nan+/-nan,19.83+/-0.23,nan+/-nan,nan+/-nan,19.83+/-0.23,nan+/-nan,nan+/-nan,19.82+/-0.23,nan+/-nan
P. obliquiloculata,1981-03-01,,1.96,,,0.23,,50.0,100.0,4077,36.51+/-0.09,36.51+/-0.09,36.51+/-0.09,1.11+/-0.05,1.11+/-0.05,1.11+/-0.05,nan+/-nan,19.60+/-0.23,nan+/-nan,nan+/-nan,19.60+/-0.23,nan+/-nan,nan+/-nan,19.59+/-0.23,nan+/-nan
P. obliquiloculata,1981-04-01,,1.74,,,0.35,,50.0,100.0,4108,36.51+/-0.09,36.51+/-0.09,36.51+/-0.09,1.11+/-0.05,1.11+/-0.05,1.11+/-0.05,nan+/-nan,19.06+/-0.23,nan+/-nan,nan+/-nan,19.06+/-0.23,nan+/-nan,nan+/-nan,19.05+/-0.23,nan+/-nan
P. obliquiloculata,1982-01-01,,2.05,,,0.05,,50.0,100.0,4383,36.50+/-0.09,36.50+/-0.09,36.50+/-0.09,1.10+/-0.05,1.10+/-0.05,1.10+/-0.05,nan+/-nan,20.39+/-0.23,nan+/-nan,nan+/-nan,20.39+/-0.23,nan+/-nan,nan+/-nan,20.39+/-0.23,nan+/-nan
P. obliquiloculata,1982-03-01,,1.92,,,,,50.0,100.0,4442,36.50+/-0.09,36.50+/-0.09,36.50+/-0.09,1.10+/-0.05,1.10+/-0.05,1.10+/-0.05,nan+/-nan,nan+/-nan,nan+/-nan,nan+/-nan,nan+/-nan,nan+/-nan,nan+/-nan,nan+/-nan,nan+/-nan
P. obliquiloculata,1982-05-01,,1.95,,,0.17,,50.0,100.0,4503,36.50+/-0.09,36.50+/-0.09,36.50+/-0.09,1.10+/-0.05,1.10+/-0.05,1.10+/-0.05,nan+/-nan,19.84+/-0.23,nan+/-nan,nan+/-nan,19.84+/-0.23,nan+/-nan,nan+/-nan,19.84+/-0.23,nan+/-nan
P. obliquiloculata,1982-11-01,,2.54,,,-0.29,,50.0,100.0,4687,36.49+/-0.09,36.49+/-0.09,36.49+/-0.09,1.10+/-0.05,1.10+/-0.05,1.10+/-0.05,nan+/-nan,21.93+/-0.23,nan+/-nan,nan+/-nan,21.93+/-0.23,nan+/-nan,nan+/-nan,21.92+/-0.23,nan+/-nan
P. obliquiloculata,1983-02-01,,2.08,,,0.22,,50.0,100.0,4779,36.49+/-0.09,36.49+/-0.09,36.49+/-0.09,1.10+/-0.05,1.10+/-0.05,1.10+/-0.05,nan+/-nan,19.61+/-0.23,nan+/-nan,nan+/-nan,19.60+/-0.23,nan+/-nan,nan+/-nan,19.60+/-0.23,nan+/-nan
P. obliquiloculata,1983-04-01,,2.0,,,0.27,,50.0,100.0,4838,36.49+/-0.09,36.49+/-0.09,36.49+/-0.09,1.10+/-0.05,1.10+/-0.05,1.10+/-0.05,nan+/-nan,19.38+/-0.23,nan+/-nan,nan+/-nan,19.38+/-0.23,nan+/-nan,nan+/-nan,19.37+/-0.23,nan+/-nan
P. obliquiloculata,1984-02-01,,2.17,,,0.15,,50.0,100.0,5144,36.49+/-0.09,36.49+/-0.09,36.49+/-0.09,1.10+/-0.05,1.10+/-0.05,1.10+/-0.05,nan+/-nan,19.91+/-0.23,nan+/-nan,nan+/-nan,19.91+/-0.23,nan+/-nan,nan+/-nan,19.91+/-0.23,nan+/-nan
P. obliquiloculata,1984-04-01,,2.07,,,0.01,,50.0,100.0,5204,36.49+/-0.09,36.49+/-0.09,36.49+/-0.09,1.10+/-0.05,1.10+/-0.05,1.10+/-0.05,nan+/-nan,20.55+/-0.23,nan+/-nan,nan+/-nan,20.55+/-0.23,nan+/-nan,nan+/-nan,20.54+/-0.23,nan+/-nan
P. obliquiloculata,1984-12-01,,2.2,,,-0.13,,50.0,100.0,5448,36.49+/-0.09,36.49+/-0.09,36.49+/-0.09,1.10+/-0.05,1.10+/-0.05,1.10+/-0.05,nan+/-nan,21.20+/-0.23,nan+/-nan,nan+/-nan,21.19+/-0.23,nan+/-nan,nan+/-nan,21.19+/-0.23,nan+/-nan
